Participant,Seconds,angry,afraid,happy,sad,neutral
T051,0.0,,,,,
T051,1.0,,,,,
T051,2.0,,,,,
T051,3.0,,,,,
T051,4.0,,,,,
T051,5.0,,,,,
T051,6.0,,,,,
T051,7.0,,,,,
T051,8.0,,,,,
T051,9.0,,,,,
T051,10.0,,,,,
T051,11.0,,,,,
T051,12.0,,,,,
T051,13.0,,,,,
T051,14.0,,,,,
T051,15.0,,,,,
T051,16.0,,,,,
T051,17.0,,,,,
T051,18.0,,,,,
T051,19.0,,,,,
T051,20.0,,,,,
T051,21.0,,,,,
T051,22.0,,,,,
T051,23.0,,,,,
T051,24.0,,,,,
T051,25.0,,,,,
T051,26.0,,,,,
T051,27.0,,,,,
T051,28.0,,,,,
T051,29.0,,,,,
T051,30.0,,,,,
T051,31.0,,,,,
T051,32.0,,,,,
T051,33.0,,,,,
T051,34.0,,,,,
T051,35.0,,,,,
T051,36.0,,,,,
T051,37.0,,,,,
T051,38.0,,,,,
T051,39.0,,,,,
T051,40.0,,,,,
T051,41.0,,,,,
T051,42.0,,,,,
T051,43.0,,,,,
T051,44.0,,,,,
T051,45.0,,,,,
T051,46.0,,,,,
T051,47.0,,,,,
T051,48.0,,,,,
T051,49.0,,,,,
T051,50.0,,,,,
T051,51.0,,,,,
T051,52.0,,,,,
T051,53.0,,,,,
T051,54.0,,,,,
T051,55.0,,,,,
T051,56.0,,,,,
T051,57.0,,,,,
T051,58.0,,,,,
T051,59.0,,,,,
T051,60.0,,,,,
T051,61.0,,,,,
T051,62.0,,,,,
T051,63.0,,,,,
T051,64.0,,,,,
T051,65.0,,,,,
T051,66.0,,,,,
T051,67.0,,,,,
T051,68.0,,,,,
T051,69.0,,,,,
T051,70.0,,,,,
T051,71.0,,,,,
T051,72.0,,,,,
T051,73.0,,,,,
T051,74.0,,,,,
T051,75.0,,,,,
T051,76.0,,,,,
T051,77.0,,,,,
T051,78.0,,,,,
T051,79.0,,,,,
T051,80.0,,,,,
T051,81.0,,,,,
T051,82.0,,,,,
T051,83.0,,,,,
T051,84.0,,,,,
T051,85.0,,,,,
T051,86.0,,,,,
T051,87.0,,,,,
T051,88.0,,,,,
T051,89.0,,,,,
T051,90.0,,,,,
T051,91.0,,,,,
T051,92.0,,,,,
T051,93.0,,,,,
T051,94.0,,,,,
T051,95.0,,,,,
T051,96.0,,,,,
T051,97.0,,,,,
T051,98.0,,,,,
T051,99.0,,,,,
T051,100.0,,,,,
T051,101.0,,,,,
T051,102.0,,,,,
T051,103.0,,,,,
T051,104.0,,,,,
T051,105.0,,,,,
T051,106.0,,,,,
T051,107.0,,,,,
T051,108.0,,,,,
T051,109.0,,,,,
T051,110.0,,,,,
T051,111.0,,,,,
T051,112.0,,,,,
T051,113.0,,,,,
T051,114.0,,,,,
T051,115.0,,,,,
T051,116.0,,,,,
T051,117.0,,,,,
T051,118.0,,,,,
T051,119.0,,,,,
T051,120.0,,,,,
T051,121.0,,,,,
T051,122.0,,,,,
T051,123.0,,,,,
T051,124.0,,,,,
T051,125.0,,,,,
T051,126.0,,,,,
T051,127.0,,,,,
T051,128.0,,,,,
T051,129.0,,,,,
T051,130.0,,,,,
T051,131.0,,,,,
T051,132.0,,,,,
T051,133.0,,,,,
T051,134.0,,,,,
T051,135.0,,,,,
T051,136.0,,,,,
T051,137.0,,,,,
T051,138.0,,,,,
T051,139.0,,,,,
T051,140.0,,,,,
T051,141.0,,,,,
T051,142.0,,,,,
T051,143.0,,,,,
T051,144.0,,,,,
T051,145.0,,,,,
T051,146.0,,,,,
T051,147.0,,,,,
T051,148.0,,,,,
T051,149.0,,,,,
T051,150.0,,,,,
T051,151.0,,,,,
T051,152.0,,,,,
T051,153.0,,,,,
T051,154.0,,,,,
T051,155.0,,,,,
T051,156.0,,,,,
T051,157.0,,,,,
T051,158.0,,,,,
T051,159.0,,,,,
T051,160.0,,,,,
T051,161.0,,,,,
T051,162.0,,,,,
T051,163.0,,,,,
T051,164.0,,,,,
T051,165.0,,,,,
T051,166.0,,,,,
T051,167.0,,,,,
T051,168.0,,,,,
T051,169.0,,,,,
T051,170.0,,,,,
T051,171.0,,,,,
T051,172.0,,,,,
T051,173.0,,,,,
T051,174.0,,,,,
T051,175.0,,,,,
T051,176.0,,,,,
T051,177.0,,,,,
T051,178.0,,,,,
T051,179.0,,,,,
T051,180.0,,,,,
T051,181.0,,,,,
T051,182.0,,,,,
T051,183.0,,,,,
T051,184.0,,,,,
T051,185.0,,,,,
T051,186.0,,,,,
T051,187.0,,,,,
T051,188.0,,,,,
T051,189.0,,,,,
T051,190.0,,,,,
T051,191.0,,,,,
T051,192.0,,,,,
T051,193.0,,,,,
T051,194.0,,,,,
T051,195.0,,,,,
T051,196.0,,,,,
T051,197.0,,,,,
T051,198.0,,,,,
T051,199.0,,,,,
T051,200.0,,,,,
T051,201.0,,,,,
T051,202.0,,,,,
T051,203.0,,,,,
T051,204.0,,,,,
T051,205.0,,,,,
T051,206.0,,,,,
T051,207.0,,,,,
T051,208.0,,,,,
T051,209.0,,,,,
T051,210.0,,,,,
T051,211.0,,,,,
T051,212.0,,,,,
T051,213.0,,,,,
T051,214.0,,,,,
T051,215.0,,,,,
T051,216.0,,,,,
T051,217.0,,,,,
T051,218.0,,,,,
T051,219.0,,,,,
T051,220.0,,,,,
T051,221.0,,,,,
T051,222.0,,,,,
T051,223.0,,,,,
T051,224.0,,,,,
T051,225.0,,,,,
T051,226.0,,,,,
T051,227.0,,,,,
T051,228.0,,,,,
T051,229.0,,,,,
T051,230.0,,,,,
T051,231.0,,,,,
T051,232.0,,,,,
T051,233.0,,,,,
T051,234.0,,,,,
T051,235.0,,,,,
T051,236.0,,,,,
T051,237.0,,,,,
T051,238.0,,,,,
T051,239.0,,,,,
T051,240.0,,,,,
T051,241.0,,,,,
T051,242.0,,,,,
T051,243.0,,,,,
T051,244.0,,,,,
T051,245.0,,,,,
T051,246.0,,,,,
T051,247.0,,,,,
T051,248.0,,,,,
T051,249.0,,,,,
T051,250.0,,,,,
T051,251.0,,,,,
T051,252.0,,,,,
T051,253.0,,,,,
T051,254.0,,,,,
T051,255.0,,,,,
T051,256.0,,,,,
T051,257.0,,,,,
T051,258.0,,,,,
T051,259.0,,,,,
T051,260.0,,,,,
T051,261.0,,,,,
T051,262.0,,,,,
T051,263.0,,,,,
T051,264.0,,,,,
T051,265.0,,,,,
T051,266.0,,,,,
T051,267.0,,,,,
T051,268.0,,,,,
T051,269.0,,,,,
T051,270.0,,,,,
T051,271.0,,,,,
T051,272.0,,,,,
T051,273.0,,,,,
T051,274.0,,,,,
T051,275.0,,,,,
T051,276.0,,,,,
T051,277.0,,,,,
T051,278.0,,,,,
T051,279.0,,,,,
T051,280.0,,,,,
T051,281.0,,,,,
T051,282.0,,,,,
T051,283.0,,,,,
T051,284.0,,,,,
T051,285.0,,,,,
T051,286.0,,,,,
T051,287.0,,,,,
T051,288.0,,,,,
T051,289.0,,,,,
T051,290.0,,,,,
T051,291.0,,,,,
T051,292.0,,,,,
T051,293.0,,,,,
T051,294.0,,,,,
T051,295.0,,,,,
T051,296.0,,,,,
T051,297.0,,,,,
T051,298.0,,,,,
T051,299.0,,,,,
T051,300.0,,,,,
T051,301.0,,,,,
T051,302.0,,,,,
T051,303.0,,,,,
T051,304.0,,,,,
T051,305.0,,,,,
T051,306.0,,,,,
T051,307.0,,,,,
T051,308.0,,,,,
T051,309.0,,,,,
T051,310.0,,,,,
T051,311.0,,,,,
T051,312.0,,,,,
T051,313.0,,,,,
T051,314.0,,,,,
T051,315.0,,,,,
T051,316.0,,,,,
T051,317.0,,,,,
T051,318.0,,,,,
T051,319.0,,,,,
T051,320.0,,,,,
T051,321.0,,,,,
T051,322.0,,,,,
T051,323.0,,,,,
T051,324.0,,,,,
T051,325.0,,,,,
T051,326.0,,,,,
T051,327.0,,,,,
T051,328.0,,,,,
T051,329.0,,,,,
T051,330.0,,,,,
T051,331.0,,,,,
T051,332.0,,,,,
T051,333.0,,,,,
T051,334.0,,,,,
T051,335.0,,,,,
T051,336.0,,,,,
T051,337.0,,,,,
T051,338.0,,,,,
T051,339.0,,,,,
T051,340.0,,,,,
T051,341.0,,,,,
T051,342.0,,,,,
T051,343.0,,,,,
T051,344.0,,,,,
T051,345.0,,,,,
T051,346.0,,,,,
T051,347.0,,,,,
T051,348.0,,,,,
T051,349.0,,,,,
T051,350.0,,,,,
T051,351.0,,,,,
T051,352.0,,,,,
T051,353.0,,,,,
T051,354.0,,,,,
T051,355.0,,,,,
T051,356.0,,,,,
T051,357.0,,,,,
T051,358.0,,,,,
T051,359.0,,,,,
T051,360.0,,,,,
T051,361.0,,,,,
T051,362.0,,,,,
T051,363.0,,,,,
T051,364.0,,,,,
T051,365.0,,,,,
T051,366.0,,,,,
T051,367.0,,,,,
T051,368.0,,,,,
T051,369.0,,,,,
T051,370.0,,,,,
T051,371.0,,,,,
T051,372.0,,,,,
T051,373.0,,,,,
T051,374.0,,,,,
T051,375.0,,,,,
T051,376.0,,,,,
T051,377.0,,,,,
T051,378.0,,,,,
T051,379.0,,,,,
T051,380.0,,,,,
T051,381.0,,,,,
T051,382.0,,,,,
T051,383.0,,,,,
T051,384.0,,,,,
T051,385.0,,,,,
T051,386.0,,,,,
T051,387.0,,,,,
T051,388.0,,,,,
T051,389.0,,,,,
T051,390.0,,,,,
T051,391.0,,,,,
T051,392.0,,,,,
T051,393.0,,,,,
T051,394.0,,,,,
T051,395.0,,,,,
T051,396.0,,,,,
T051,397.0,,,,,
T051,398.0,,,,,
T051,399.0,,,,,
T051,400.0,,,,,
T051,401.0,,,,,
T051,402.0,,,,,
T051,403.0,,,,,
T051,404.0,,,,,
T051,405.0,,,,,
T051,406.0,,,,,
T051,407.0,,,,,
T051,408.0,,,,,
T051,409.0,,,,,
T051,410.0,,,,,
T051,411.0,,,,,
T051,412.0,,,,,
T051,413.0,,,,,
T051,414.0,,,,,
T051,415.0,,,,,
T051,416.0,,,,,
T051,417.0,,,,,
T051,418.0,,,,,
T051,419.0,,,,,
T051,420.0,,,,,
T051,421.0,,,,,
T051,422.0,,,,,
T051,423.0,,,,,
T051,424.0,,,,,
T051,425.0,,,,,
T051,426.0,,,,,
T051,427.0,,,,,
T051,428.0,,,,,
T051,429.0,,,,,
T051,430.0,,,,,
T051,431.0,,,,,
T051,432.0,,,,,
T051,433.0,,,,,
T051,434.0,,,,,
T051,435.0,,,,,
T051,436.0,,,,,
T051,437.0,,,,,
T051,438.0,,,,,
T051,439.0,,,,,
T051,440.0,,,,,
T051,441.0,,,,,
T051,442.0,,,,,
T051,443.0,,,,,
T051,444.0,,,,,
T051,445.0,,,,,
T051,446.0,,,,,
T051,447.0,,,,,
T051,448.0,,,,,
T051,449.0,,,,,
T051,450.0,,,,,
T051,451.0,,,,,
T051,452.0,,,,,
T051,453.0,,,,,
T051,454.0,,,,,
T051,455.0,,,,,
T051,456.0,,,,,
T051,457.0,,,,,
T051,458.0,,,,,
T051,459.0,,,,,
T051,460.0,,,,,
T051,461.0,,,,,
T051,462.0,,,,,
T051,463.0,,,,,
T051,464.0,,,,,
T051,465.0,,,,,
T051,466.0,,,,,
T051,467.0,,,,,
T051,468.0,,,,,
T051,469.0,,,,,
T051,470.0,,,,,
T051,471.0,,,,,
T051,472.0,,,,,
T051,473.0,,,,,
T051,474.0,,,,,
T051,475.0,,,,,
T051,476.0,,,,,
T051,477.0,,,,,
T051,478.0,,,,,
T051,479.0,,,,,
T051,480.0,,,,,
T051,481.0,,,,,
T051,482.0,,,,,
T051,483.0,,,,,
T051,484.0,,,,,
T051,485.0,,,,,
T051,486.0,,,,,
T051,487.0,,,,,
T051,488.0,,,,,
T051,489.0,,,,,
T051,490.0,,,,,
T051,491.0,,,,,
T051,492.0,,,,,
T051,493.0,,,,,
T051,494.0,,,,,
T051,495.0,,,,,
T051,496.0,,,,,
T051,497.0,,,,,
T051,498.0,,,,,
T051,499.0,,,,,
T051,500.0,,,,,
T051,501.0,,,,,
T051,502.0,,,,,
T051,503.0,,,,,
T051,504.0,,,,,
T051,505.0,,,,,
T051,506.0,,,,,
T051,507.0,,,,,
T051,508.0,,,,,
T051,509.0,,,,,
T051,510.0,,,,,
T051,511.0,,,,,
T051,512.0,,,,,
T051,513.0,,,,,
T051,514.0,,,,,
T051,515.0,,,,,
T051,516.0,,,,,
T051,517.0,,,,,
T051,518.0,,,,,
T051,519.0,,,,,
T051,520.0,,,,,
T051,521.0,,,,,
T051,522.0,,,,,
T051,523.0,,,,,
T051,524.0,,,,,
T051,525.0,,,,,
T051,526.0,,,,,
T051,527.0,,,,,
T051,528.0,,,,,
T051,529.0,,,,,
T051,530.0,,,,,
T051,531.0,,,,,
T051,532.0,,,,,
T051,533.0,,,,,
T051,534.0,,,,,
T051,535.0,,,,,
T051,536.0,,,,,
T051,537.0,,,,,
T051,538.0,,,,,
T051,539.0,,,,,
T051,540.0,,,,,
T051,541.0,,,,,
T051,542.0,,,,,
T051,543.0,,,,,
T051,544.0,,,,,
T051,545.0,,,,,
T051,546.0,,,,,
T051,547.0,,,,,
T051,548.0,,,,,
T051,549.0,,,,,
T051,550.0,,,,,
T051,551.0,,,,,
T051,552.0,,,,,
T051,553.0,,,,,
T051,554.0,,,,,
T051,555.0,,,,,
T051,556.0,,,,,
T051,557.0,,,,,
T051,558.0,,,,,
T051,559.0,,,,,
T051,560.0,,,,,
T051,561.0,,,,,
T051,562.0,,,,,
T051,563.0,,,,,
T051,564.0,,,,,
T051,565.0,,,,,
T051,566.0,,,,,
T051,567.0,,,,,
T051,568.0,,,,,
T051,569.0,,,,,
T051,570.0,,,,,
T051,571.0,,,,,
T051,572.0,,,,,
T051,573.0,,,,,
T051,574.0,,,,,
T051,575.0,,,,,
T051,576.0,,,,,
T051,577.0,,,,,
T051,578.0,,,,,
T051,579.0,,,,,
T051,580.0,,,,,
T051,581.0,,,,,
T051,582.0,,,,,
T051,583.0,,,,,
T051,584.0,,,,,
T051,585.0,,,,,
T051,586.0,,,,,
T051,587.0,,,,,
T051,588.0,,,,,
T051,589.0,,,,,
T051,590.0,,,,,
T051,591.0,,,,,
T051,592.0,,,,,
T051,593.0,,,,,
T051,594.0,,,,,
T051,595.0,,,,,
T051,596.0,,,,,
T051,597.0,,,,,
T051,598.0,,,,,
T051,599.0,,,,,
T051,600.0,,,,,
T051,601.0,,,,,
T051,602.0,,,,,
T051,603.0,,,,,
T051,604.0,,,,,
T051,605.0,,,,,
T051,606.0,,,,,
T051,607.0,,,,,
T051,608.0,,,,,
T051,609.0,,,,,
T051,610.0,,,,,
T051,611.0,,,,,
T051,612.0,,,,,
T051,613.0,,,,,
T051,614.0,,,,,
T051,615.0,,,,,
T051,616.0,,,,,
T051,617.0,,,,,
T051,618.0,,,,,
T051,619.0,,,,,
T051,620.0,,,,,
T051,621.0,,,,,
T051,622.0,,,,,
T051,623.0,,,,,
T051,624.0,,,,,
T051,625.0,,,,,
T051,626.0,,,,,
T051,627.0,,,,,
T051,628.0,,,,,
T051,629.0,,,,,
T051,630.0,,,,,
T051,631.0,,,,,
T051,632.0,,,,,
T051,633.0,,,,,
T051,634.0,,,,,
T051,635.0,,,,,
T051,636.0,,,,,
T051,637.0,,,,,
T051,638.0,,,,,
T051,639.0,,,,,
T051,640.0,,,,,
T051,641.0,,,,,
T051,642.0,,,,,
T051,643.0,,,,,
T051,644.0,,,,,
T051,645.0,,,,,
T051,646.0,,,,,
T051,647.0,,,,,
T051,648.0,,,,,
T051,649.0,,,,,
T051,650.0,,,,,
T051,651.0,,,,,
T051,652.0,,,,,
T051,653.0,,,,,
T051,654.0,,,,,
T051,655.0,,,,,
T051,656.0,,,,,
T051,657.0,,,,,
T051,658.0,,,,,
T051,659.0,,,,,
T051,660.0,,,,,
T051,661.0,,,,,
T051,662.0,,,,,
T051,663.0,,,,,
T051,664.0,,,,,
T051,665.0,,,,,
T051,666.0,,,,,
T051,667.0,,,,,
T051,668.0,,,,,
T051,669.0,,,,,
T051,670.0,,,,,
T051,671.0,,,,,
T051,672.0,,,,,
T051,673.0,,,,,
T051,674.0,,,,,
T051,675.0,,,,,
T051,676.0,,,,,
T051,677.0,,,,,
T051,678.0,,,,,
T051,679.0,,,,,
T051,680.0,,,,,
T051,681.0,,,,,
T051,682.0,,,,,
T051,683.0,,,,,
T051,684.0,,,,,
T051,685.0,,,,,
T051,686.0,,,,,
T051,687.0,,,,,
T051,688.0,,,,,
T051,689.0,,,,,
T051,690.0,,,,,
T051,691.0,,,,,
T051,692.0,,,,,
T051,693.0,,,,,
T051,694.0,,,,,
T051,695.0,,,,,
T051,696.0,,,,,
T051,697.0,,,,,
T051,698.0,,,,,
T051,699.0,,,,,
T051,700.0,,,,,
T051,701.0,,,,,
T051,702.0,,,,,
T051,703.0,,,,,
T051,704.0,,,,,
T051,705.0,,,,,
T051,706.0,,,,,
T051,707.0,,,,,
T051,708.0,,,,,
T051,709.0,,,,,
T051,710.0,,,,,
T051,711.0,,,,,
T051,712.0,,,,,
T051,713.0,,,,,
T051,714.0,,,,,
T051,715.0,,,,,
T051,716.0,,,,,
T051,717.0,,,,,
T051,718.0,,,,,
T051,719.0,,,,,
T051,720.0,,,,,
T051,721.0,,,,,
T051,722.0,,,,,
T051,723.0,,,,,
T051,724.0,,,,,
T051,725.0,,,,,
T051,726.0,,,,,
T051,727.0,,,,,
T051,728.0,,,,,
T051,729.0,,,,,
T051,730.0,,,,,
T051,731.0,,,,,
T051,732.0,,,,,
T051,733.0,,,,,
T051,734.0,,,,,
T051,735.0,,,,,
T051,736.0,,,,,
T051,737.0,,,,,
T051,738.0,,,,,
T051,739.0,,,,,
T051,740.0,,,,,
T051,741.0,,,,,
T051,742.0,,,,,
T051,743.0,,,,,
T051,744.0,,,,,
T051,745.0,,,,,
T051,746.0,,,,,
T051,747.0,,,,,
T051,748.0,,,,,
T051,749.0,,,,,
T051,750.0,,,,,
T051,751.0,,,,,
T051,752.0,,,,,
T051,753.0,,,,,
T051,754.0,,,,,
T051,755.0,,,,,
T051,756.0,,,,,
T051,757.0,,,,,
T051,758.0,,,,,
T051,759.0,,,,,
T051,760.0,,,,,
T051,761.0,,,,,
T051,762.0,,,,,
T051,763.0,,,,,
T051,764.0,,,,,
T051,765.0,,,,,
T051,766.0,,,,,
T051,767.0,,,,,
T051,768.0,,,,,
T051,769.0,,,,,
T051,770.0,,,,,
T051,771.0,,,,,
T051,772.0,,,,,
T051,773.0,,,,,
T051,774.0,,,,,
T051,775.0,,,,,
T051,776.0,,,,,
T051,777.0,,,,,
T051,778.0,,,,,
T051,779.0,,,,,
T051,780.0,,,,,
T051,781.0,,,,,
T051,782.0,,,,,
T051,783.0,,,,,
T051,784.0,,,,,
T051,785.0,,,,,
T051,786.0,,,,,
T051,787.0,,,,,
T051,788.0,,,,,
T051,789.0,,,,,
T051,790.0,,,,,
T051,791.0,,,,,
T051,792.0,,,,,
T051,793.0,,,,,
T051,794.0,,,,,
T051,795.0,,,,,
T051,796.0,,,,,
T051,797.0,,,,,
T051,798.0,,,,,
T051,799.0,,,,,
T051,800.0,,,,,
T051,801.0,,,,,
T051,802.0,,,,,
T051,803.0,,,,,
T051,804.0,,,,,
T051,805.0,,,,,
T051,806.0,,,,,
T051,807.0,,,,,
T051,808.0,,,,,
T051,809.0,,,,,
T051,810.0,,,,,
T051,811.0,,,,,
T051,812.0,,,,,
T051,813.0,,,,,
T051,814.0,,,,,
T051,815.0,,,,,
T051,816.0,,,,,
T051,817.0,,,,,
T051,818.0,,,,,
T051,819.0,,,,,
T051,820.0,,,,,
T051,821.0,,,,,
T051,822.0,,,,,
T051,823.0,,,,,
T051,824.0,,,,,
T051,825.0,,,,,
T051,826.0,,,,,
T051,827.0,,,,,
T051,828.0,,,,,
T051,829.0,,,,,
T051,830.0,,,,,
T051,831.0,,,,,
T051,832.0,,,,,
T051,833.0,,,,,
T051,834.0,,,,,
T051,835.0,,,,,
T051,836.0,,,,,
T051,837.0,,,,,
T051,838.0,,,,,
T051,839.0,,,,,
T051,840.0,,,,,
T051,841.0,,,,,
T051,842.0,,,,,
T051,843.0,,,,,
T051,844.0,,,,,
T051,845.0,,,,,
T051,846.0,,,,,
T051,847.0,,,,,
T051,848.0,,,,,
T051,849.0,,,,,
T051,850.0,,,,,
T051,851.0,,,,,
T051,852.0,,,,,
T051,853.0,,,,,
T051,854.0,,,,,
T051,855.0,,,,,
T051,856.0,,,,,
T051,857.0,,,,,
T051,858.0,,,,,
T051,859.0,,,,,
T051,860.0,,,,,
T051,861.0,,,,,
T051,862.0,,,,,
T051,863.0,,,,,
T051,864.0,,,,,
T051,865.0,,,,,
T051,866.0,,,,,
T051,867.0,,,,,
T051,868.0,,,,,
T051,869.0,,,,,
T051,870.0,,,,,
T051,871.0,,,,,
T051,872.0,,,,,
T051,873.0,,,,,
T051,874.0,,,,,
T051,875.0,,,,,
T051,876.0,,,,,
T051,877.0,,,,,
T051,878.0,,,,,
T051,879.0,,,,,
T051,880.0,,,,,
T051,881.0,,,,,
T051,882.0,,,,,
T051,883.0,,,,,
T051,884.0,,,,,
T051,885.0,,,,,
T051,886.0,,,,,
T051,887.0,,,,,
T051,888.0,,,,,
T051,889.0,,,,,
T051,890.0,,,,,
T051,891.0,,,,,
T051,892.0,,,,,
T051,893.0,,,,,
T051,894.0,,,,,
T051,895.0,,,,,
T051,896.0,,,,,
T051,897.0,,,,,
T051,898.0,,,,,
T051,899.0,,,,,
T051,900.0,,,,,
T051,901.0,,,,,
T051,902.0,,,,,
T051,903.0,,,,,
T051,904.0,,,,,
T051,905.0,,,,,
T051,906.0,,,,,
T051,907.0,,,,,
T051,908.0,,,,,
T051,909.0,,,,,
T051,910.0,,,,,
T051,911.0,,,,,
T051,912.0,,,,,
T051,913.0,,,,,
T051,914.0,,,,,
T051,915.0,,,,,
T051,916.0,,,,,
T051,917.0,,,,,
T051,918.0,,,,,
T051,919.0,,,,,
T051,920.0,,,,,
T051,921.0,,,,,
T051,922.0,,,,,
T051,923.0,,,,,
T051,924.0,,,,,
T051,925.0,,,,,
T051,926.0,,,,,
T051,927.0,,,,,
T051,928.0,,,,,
T051,929.0,,,,,
T051,930.0,,,,,
T051,931.0,,,,,
T051,932.0,,,,,
T051,933.0,,,,,
T051,934.0,,,,,
T051,935.0,,,,,
T051,936.0,,,,,
T051,937.0,,,,,
T051,938.0,,,,,
T051,939.0,,,,,
T051,940.0,,,,,
T051,941.0,,,,,
T051,942.0,,,,,
T051,943.0,,,,,
T051,944.0,,,,,
T051,945.0,,,,,
T051,946.0,,,,,
T051,947.0,,,,,
T051,948.0,,,,,
T051,949.0,,,,,
T051,950.0,,,,,
T051,951.0,,,,,
T051,952.0,,,,,
T051,953.0,,,,,
T051,954.0,,,,,
T051,955.0,,,,,
T051,956.0,,,,,
T051,957.0,,,,,
T051,958.0,,,,,
T051,959.0,,,,,
T051,960.0,,,,,
T051,961.0,,,,,
T051,962.0,,,,,
T051,963.0,,,,,
T051,964.0,,,,,
T051,965.0,,,,,
T051,966.0,,,,,
T051,967.0,,,,,
T051,968.0,,,,,
T051,969.0,,,,,
T051,970.0,,,,,
T051,971.0,,,,,
T051,972.0,,,,,
T051,973.0,,,,,
T051,974.0,,,,,
T051,975.0,,,,,
T051,976.0,,,,,
T051,977.0,,,,,
T051,978.0,,,,,
T051,979.0,,,,,
T051,980.0,,,,,
T051,981.0,,,,,
T051,982.0,,,,,
T051,983.0,,,,,
T051,984.0,,,,,
T051,985.0,,,,,
T051,986.0,,,,,
T051,987.0,,,,,
T051,988.0,,,,,
T051,989.0,,,,,
T051,990.0,,,,,
T051,991.0,,,,,
T051,992.0,,,,,
T051,993.0,,,,,
T051,994.0,,,,,
T051,995.0,,,,,
T051,996.0,,,,,
T051,997.0,,,,,
T051,998.0,,,,,
T051,999.0,,,,,
T051,1000.0,,,,,
T051,1001.0,,,,,
T051,1002.0,,,,,
T051,1003.0,,,,,
T051,1004.0,,,,,
T051,1005.0,,,,,
T051,1006.0,,,,,
T051,1007.0,,,,,
T051,1008.0,,,,,
T051,1009.0,,,,,
T051,1010.0,,,,,
T051,1011.0,,,,,
T051,1012.0,,,,,
T051,1013.0,,,,,
T051,1014.0,,,,,
T051,1015.0,,,,,
T051,1016.0,,,,,
T051,1017.0,,,,,
T051,1018.0,,,,,
T051,1019.0,,,,,
T051,1020.0,,,,,
T051,1021.0,,,,,
T051,1022.0,,,,,
T051,1023.0,,,,,
T051,1024.0,,,,,
T051,1025.0,,,,,
T051,1026.0,,,,,
T051,1027.0,,,,,
T051,1028.0,,,,,
T051,1029.0,,,,,
T051,1030.0,,,,,
T051,1031.0,,,,,
T051,1032.0,,,,,
T051,1033.0,,,,,
T051,1034.0,,,,,
T051,1035.0,,,,,
T051,1036.0,,,,,
T051,1037.0,,,,,
T051,1038.0,,,,,
T051,1039.0,,,,,
T051,1040.0,,,,,
T051,1041.0,,,,,
T051,1042.0,,,,,
T051,1043.0,,,,,
T051,1044.0,,,,,
T051,1045.0,,,,,
T051,1046.0,,,,,
T051,1047.0,,,,,
T051,1048.0,,,,,
T051,1049.0,,,,,
T051,1050.0,,,,,
T051,1051.0,,,,,
T051,1052.0,,,,,
T051,1053.0,,,,,
T051,1054.0,,,,,
T051,1055.0,,,,,
T051,1056.0,,,,,
T051,1057.0,,,,,
T051,1058.0,,,,,
T051,1059.0,,,,,
T051,1060.0,,,,,
T051,1061.0,,,,,
T051,1062.0,,,,,
T051,1063.0,,,,,
T051,1064.0,,,,,
T051,1065.0,,,,,
T051,1066.0,,,,,
T051,1067.0,,,,,
T051,1068.0,,,,,
T051,1069.0,,,,,
T051,1070.0,,,,,
T051,1071.0,,,,,
T051,1072.0,,,,,
T051,1073.0,,,,,
T051,1074.0,,,,,
T051,1075.0,,,,,
T051,1076.0,,,,,
T051,1077.0,,,,,
T051,1078.0,,,,,
T051,1079.0,,,,,
T051,1080.0,,,,,
T051,1081.0,,,,,
T051,1082.0,,,,,
T051,1083.0,,,,,
T051,1084.0,,,,,
T051,1085.0,,,,,
T051,1086.0,,,,,
T051,1087.0,,,,,
T051,1088.0,,,,,
T051,1089.0,,,,,
T051,1090.0,,,,,
T051,1091.0,,,,,
T051,1092.0,,,,,
T051,1093.0,,,,,
T051,1094.0,,,,,
T051,1095.0,,,,,
T051,1096.0,,,,,
T051,1097.0,,,,,
T051,1098.0,,,,,
T051,1099.0,,,,,
T051,1100.0,,,,,
T051,1101.0,,,,,
T051,1102.0,,,,,
T051,1103.0,,,,,
T051,1104.0,,,,,
T051,1105.0,,,,,
T051,1106.0,,,,,
T051,1107.0,,,,,
T051,1108.0,,,,,
T051,1109.0,,,,,
T051,1110.0,,,,,
T051,1111.0,,,,,
T051,1112.0,,,,,
T051,1113.0,,,,,
T051,1114.0,,,,,
T051,1115.0,,,,,
T051,1116.0,,,,,
T051,1117.0,,,,,
T051,1118.0,,,,,
T051,1119.0,,,,,
T051,1120.0,,,,,
T051,1121.0,,,,,
T051,1122.0,,,,,
T051,1123.0,,,,,
T051,1124.0,,,,,
T051,1125.0,,,,,
T051,1126.0,,,,,
T051,1127.0,,,,,
T051,1128.0,,,,,
T051,1129.0,,,,,
T051,1130.0,,,,,
T051,1131.0,,,,,
T051,1132.0,,,,,
T051,1133.0,,,,,
T051,1134.0,,,,,
T051,1135.0,,,,,
T051,1136.0,,,,,
T051,1137.0,,,,,
T051,1138.0,,,,,
T051,1139.0,,,,,
T051,1140.0,,,,,
T051,1141.0,,,,,
T051,1142.0,,,,,
T051,1143.0,,,,,
T051,1144.0,,,,,
T051,1145.0,,,,,
T051,1146.0,,,,,
T051,1147.0,,,,,
T051,1148.0,,,,,
T051,1149.0,,,,,
T051,1150.0,,,,,
T051,1151.0,,,,,
T051,1152.0,,,,,
T051,1153.0,,,,,
T051,1154.0,,,,,
T051,1155.0,,,,,
T051,1156.0,,,,,
T051,1157.0,,,,,
T051,1158.0,,,,,
T051,1159.0,,,,,
T051,1160.0,,,,,
T051,1161.0,,,,,
T051,1162.0,,,,,
T051,1163.0,,,,,
T051,1164.0,,,,,
T051,1165.0,,,,,
T051,1166.0,,,,,
T051,1167.0,,,,,
T051,1168.0,,,,,
T051,1169.0,,,,,
T051,1170.0,,,,,
T051,1171.0,,,,,
T051,1172.0,,,,,
T051,1173.0,,,,,
T051,1174.0,,,,,
T051,1175.0,,,,,
T051,1176.0,,,,,
T051,1177.0,,,,,
T051,1178.0,,,,,
T051,1179.0,,,,,
T051,1180.0,,,,,
T051,1181.0,,,,,
T051,1182.0,,,,,
T051,1183.0,,,,,
T051,1184.0,,,,,
T051,1185.0,,,,,
T051,1186.0,,,,,
T051,1187.0,,,,,
T051,1188.0,,,,,
T051,1189.0,,,,,
T051,1190.0,,,,,
T051,1191.0,,,,,
T051,1192.0,,,,,
T051,1193.0,,,,,
T051,1194.0,,,,,
T051,1195.0,,,,,
T051,1196.0,,,,,
T051,1197.0,,,,,
T051,1198.0,,,,,
T051,1199.0,,,,,
T051,1200.0,,,,,
T051,1201.0,,,,,
T051,1202.0,,,,,
T051,1203.0,,,,,
T051,1204.0,,,,,
T051,1205.0,,,,,
T051,1206.0,,,,,
T051,1207.0,,,,,
T051,1208.0,,,,,
T051,1209.0,,,,,
T051,1210.0,,,,,
T051,1211.0,,,,,
T051,1212.0,,,,,
T051,1213.0,,,,,
T051,1214.0,,,,,
T051,1215.0,,,,,
T051,1216.0,,,,,
T051,1217.0,,,,,
T051,1218.0,,,,,
T051,1219.0,,,,,
T051,1220.0,,,,,
T051,1221.0,,,,,
T051,1222.0,,,,,
T051,1223.0,,,,,
T051,1224.0,,,,,
T051,1225.0,,,,,
T051,1226.0,,,,,
T051,1227.0,,,,,
T051,1228.0,,,,,
T051,1229.0,,,,,
T051,1230.0,,,,,
T051,1231.0,,,,,
T051,1232.0,,,,,
T051,1233.0,,,,,
T051,1234.0,,,,,
T051,1235.0,,,,,
T051,1236.0,,,,,
T051,1237.0,,,,,
T051,1238.0,,,,,
T051,1239.0,,,,,
T051,1240.0,,,,,
T051,1241.0,,,,,
T051,1242.0,,,,,
T051,1243.0,,,,,
T051,1244.0,,,,,
T051,1245.0,,,,,
T051,1246.0,,,,,
T051,1247.0,,,,,
T051,1248.0,,,,,
T051,1249.0,,,,,
T051,1250.0,,,,,
T051,1251.0,,,,,
T051,1252.0,,,,,
T051,1253.0,,,,,
T051,1254.0,,,,,
T051,1255.0,,,,,
T051,1256.0,,,,,
T051,1257.0,,,,,
T051,1258.0,,,,,
T051,1259.0,,,,,
T051,1260.0,,,,,
T051,1261.0,,,,,
T051,1262.0,,,,,
T051,1263.0,,,,,
T051,1264.0,,,,,
T051,1265.0,,,,,
T051,1266.0,,,,,
T051,1267.0,,,,,
T051,1268.0,,,,,
T051,1269.0,,,,,
T051,1270.0,,,,,
T051,1271.0,,,,,
T051,1272.0,,,,,
T051,1273.0,,,,,
T051,1274.0,,,,,
T051,1275.0,,,,,
T051,1276.0,,,,,
T051,1277.0,,,,,
T051,1278.0,,,,,
T051,1279.0,,,,,
T051,1280.0,,,,,
T051,1281.0,,,,,
T051,1282.0,,,,,
T051,1283.0,,,,,
T051,1284.0,,,,,
T051,1285.0,,,,,
T051,1286.0,,,,,
T051,1287.0,,,,,
T051,1288.0,,,,,
T051,1289.0,,,,,
T051,1290.0,,,,,
T051,1291.0,,,,,
T051,1292.0,,,,,
T051,1293.0,,,,,
T051,1294.0,,,,,
T051,1295.0,,,,,
T051,1296.0,,,,,
T051,1297.0,,,,,
T051,1298.0,,,,,
T051,1299.0,,,,,
T051,1300.0,,,,,
T051,1301.0,,,,,
T051,1302.0,,,,,
T051,1303.0,,,,,
T051,1304.0,,,,,
T051,1305.0,,,,,
T051,1306.0,,,,,
T051,1307.0,,,,,
T051,1308.0,,,,,
T051,1309.0,,,,,
T051,1310.0,,,,,
T051,1311.0,,,,,
T051,1312.0,,,,,
T051,1313.0,,,,,
T051,1314.0,,,,,
T051,1315.0,,,,,
T051,1316.0,,,,,
T051,1317.0,,,,,
T051,1318.0,,,,,
T051,1319.0,,,,,
T051,1320.0,,,,,
T051,1321.0,,,,,
T051,1322.0,,,,,
T051,1323.0,,,,,
T051,1324.0,,,,,
T051,1325.0,,,,,
T051,1326.0,,,,,
T051,1327.0,,,,,
T051,1328.0,,,,,
T051,1329.0,,,,,
T051,1330.0,,,,,
T051,1331.0,,,,,
T051,1332.0,,,,,
T051,1333.0,,,,,
T051,1334.0,,,,,
T051,1335.0,,,,,
T051,1336.0,,,,,
T051,1337.0,,,,,
T051,1338.0,,,,,
T051,1339.0,,,,,
T051,1340.0,,,,,
T051,1341.0,,,,,
T051,1342.0,,,,,
T051,1343.0,,,,,
T051,1344.0,,,,,
T051,1345.0,,,,,
T051,1346.0,,,,,
T051,1347.0,,,,,
T051,1348.0,,,,,
T051,1349.0,,,,,
T051,1350.0,,,,,
T051,1351.0,,,,,
T051,1352.0,,,,,
T051,1353.0,,,,,
T051,1354.0,,,,,
T051,1355.0,,,,,
T051,1356.0,,,,,
T051,1357.0,,,,,
T051,1358.0,,,,,
T051,1359.0,,,,,
T051,1360.0,,,,,
T051,1361.0,,,,,
T051,1362.0,,,,,
T051,1363.0,,,,,
T051,1364.0,,,,,
T051,1365.0,,,,,
T051,1366.0,,,,,
T051,1367.0,,,,,
T051,1368.0,,,,,
T051,1369.0,,,,,
T051,1370.0,,,,,
T051,1371.0,,,,,
T051,1372.0,,,,,
T051,1373.0,,,,,
T051,1374.0,,,,,
T051,1375.0,,,,,
T051,1376.0,,,,,
T051,1377.0,,,,,
T051,1378.0,,,,,
T051,1379.0,,,,,
T051,1380.0,,,,,
T051,1381.0,,,,,
T051,1382.0,,,,,
T051,1383.0,,,,,
T051,1384.0,,,,,
T051,1385.0,,,,,
T051,1386.0,,,,,
T051,1387.0,,,,,
T051,1388.0,,,,,
T051,1389.0,,,,,
T051,1390.0,,,,,
T051,1391.0,,,,,
T051,1392.0,,,,,
T051,1393.0,,,,,
T051,1394.0,,,,,
T051,1395.0,,,,,
T051,1396.0,,,,,
T051,1397.0,,,,,
T051,1398.0,,,,,
T051,1399.0,,,,,
T051,1400.0,,,,,
T051,1401.0,,,,,
T051,1402.0,,,,,
T051,1403.0,,,,,
T051,1404.0,,,,,
T051,1405.0,,,,,
T051,1406.0,,,,,
T051,1407.0,,,,,
T051,1408.0,,,,,
T051,1409.0,,,,,
T051,1410.0,,,,,
T051,1411.0,,,,,
T051,1412.0,,,,,
T051,1413.0,,,,,
T051,1414.0,,,,,
T051,1415.0,,,,,
T051,1416.0,,,,,
T051,1417.0,,,,,
T051,1418.0,,,,,
T051,1419.0,,,,,
T051,1420.0,,,,,
T051,1421.0,,,,,
T051,1422.0,,,,,
T051,1423.0,,,,,
T051,1424.0,,,,,
T051,1425.0,,,,,
T051,1426.0,,,,,
T051,1427.0,,,,,
T051,1428.0,,,,,
T051,1429.0,,,,,
T051,1430.0,,,,,
T051,1431.0,,,,,
T051,1432.0,,,,,
T051,1433.0,,,,,
T051,1434.0,,,,,
T051,1435.0,,,,,
T051,1436.0,,,,,
T051,1437.0,,,,,
T051,1438.0,,,,,
T051,1439.0,,,,,
T051,1440.0,,,,,
T051,1441.0,,,,,
T051,1442.0,,,,,
T051,1443.0,,,,,
T051,1444.0,,,,,
T051,1445.0,,,,,
T051,1446.0,,,,,
T051,1447.0,,,,,
T051,1448.0,,,,,
T051,1449.0,,,,,
T051,1450.0,,,,,
T051,1451.0,,,,,
T051,1452.0,,,,,
T051,1453.0,,,,,
T051,1454.0,,,,,
T051,1455.0,,,,,
T051,1456.0,,,,,
T051,1457.0,,,,,
T051,1458.0,,,,,
T051,1459.0,,,,,
T051,1460.0,,,,,
T051,1461.0,,,,,
T051,1462.0,,,,,
T051,1463.0,,,,,
T051,1464.0,,,,,
T051,1465.0,,,,,
T051,1466.0,,,,,
T051,1467.0,,,,,
T051,1468.0,,,,,
T051,1469.0,,,,,
T051,1470.0,,,,,
T051,1471.0,,,,,
T051,1472.0,,,,,
T051,1473.0,,,,,
T051,1474.0,,,,,
T051,1475.0,,,,,
T051,1476.0,,,,,
T051,1477.0,,,,,
T051,1478.0,,,,,
T051,1479.0,,,,,
T051,1480.0,,,,,
T051,1481.0,,,,,
T051,1482.0,,,,,
T051,1483.0,,,,,
T051,1484.0,,,,,
T051,1485.0,,,,,
T051,1486.0,,,,,
T051,1487.0,,,,,
T051,1488.0,,,,,
T051,1489.0,,,,,
T051,1490.0,,,,,
T051,1491.0,,,,,
T051,1492.0,,,,,
T051,1493.0,,,,,
T051,1494.0,,,,,
T051,1495.0,,,,,
T051,1496.0,,,,,
T051,1497.0,,,,,
T051,1498.0,,,,,
T051,1499.0,,,,,
T051,1500.0,,,,,
T051,1501.0,,,,,
T051,1502.0,,,,,
T051,1503.0,,,,,
T051,1504.0,,,,,
T051,1505.0,,,,,
T051,1506.0,,,,,
T051,1507.0,,,,,
T051,1508.0,,,,,
T051,1509.0,,,,,
T051,1510.0,,,,,
T051,1511.0,,,,,
T051,1512.0,,,,,
T051,1513.0,,,,,
T051,1514.0,,,,,
T051,1515.0,,,,,
T051,1516.0,,,,,
T051,1517.0,,,,,
T051,1518.0,,,,,
T051,1519.0,,,,,
T051,1520.0,,,,,
T051,1521.0,,,,,
T051,1522.0,,,,,
T051,1523.0,,,,,
T051,1524.0,,,,,
T051,1525.0,,,,,
T051,1526.0,,,,,
T051,1527.0,,,,,
T051,1528.0,,,,,
T051,1529.0,,,,,
T051,1530.0,,,,,
T051,1531.0,,,,,
T051,1532.0,,,,,
T051,1533.0,,,,,
T051,1534.0,,,,,
T051,1535.0,,,,,
T051,1536.0,,,,,
T051,1537.0,,,,,
T051,1538.0,,,,,
T051,1539.0,,,,,
T051,1540.0,,,,,
T051,1541.0,,,,,
T051,1542.0,,,,,
T051,1543.0,,,,,
T051,1544.0,,,,,
T051,1545.0,,,,,
T051,1546.0,,,,,
T051,1547.0,,,,,
T051,1548.0,,,,,
T051,1549.0,,,,,
T051,1550.0,,,,,
T051,1551.0,,,,,
T051,1552.0,,,,,
T051,1553.0,,,,,
T051,1554.0,,,,,
T051,1555.0,,,,,
T051,1556.0,,,,,
T051,1557.0,,,,,
T051,1558.0,,,,,
T051,1559.0,,,,,
T051,1560.0,,,,,
T051,1561.0,,,,,
T051,1562.0,,,,,
T051,1563.0,,,,,
T051,1564.0,,,,,
T051,1565.0,,,,,
T051,1566.0,,,,,
T051,1567.0,,,,,
T051,1568.0,,,,,
T051,1569.0,,,,,
T051,1570.0,,,,,
T051,1571.0,,,,,
T051,1572.0,,,,,
T051,1573.0,,,,,
T051,1574.0,,,,,
T051,1575.0,,,,,
T051,1576.0,,,,,
T051,1577.0,,,,,
T051,1578.0,,,,,
T051,1579.0,,,,,
T051,1580.0,,,,,
T051,1581.0,,,,,
T051,1582.0,,,,,
T051,1583.0,,,,,
T051,1584.0,,,,,
T051,1585.0,,,,,
T051,1586.0,,,,,
T051,1587.0,,,,,
T051,1588.0,,,,,
T051,1589.0,,,,,
T051,1590.0,,,,,
T051,1591.0,,,,,
T051,1592.0,,,,,
T051,1593.0,,,,,
T051,1594.0,,,,,
T051,1595.0,,,,,
T051,1596.0,,,,,
T051,1597.0,,,,,
T051,1598.0,,,,,
T051,1599.0,,,,,
T051,1600.0,,,,,
T051,1601.0,,,,,
T051,1602.0,,,,,
T051,1603.0,,,,,
T051,1604.0,,,,,
T051,1605.0,,,,,
T051,1606.0,,,,,
T051,1607.0,,,,,
T051,1608.0,,,,,
T051,1609.0,,,,,
T051,1610.0,,,,,
T051,1611.0,,,,,
T051,1612.0,,,,,
T051,1613.0,,,,,
T051,1614.0,,,,,
T051,1615.0,,,,,
T051,1616.0,,,,,
T051,1617.0,,,,,
T051,1618.0,,,,,
T051,1619.0,,,,,
T051,1620.0,,,,,
T051,1621.0,,,,,
T051,1622.0,,,,,
T051,1623.0,,,,,
T051,1624.0,,,,,
T051,1625.0,,,,,
T051,1626.0,,,,,
T051,1627.0,,,,,
T051,1628.0,,,,,
T051,1629.0,,,,,
T051,1630.0,,,,,
T051,1631.0,,,,,
T051,1632.0,,,,,
T051,1633.0,,,,,
T051,1634.0,,,,,
T051,1635.0,,,,,
T051,1636.0,,,,,
T051,1637.0,,,,,
T051,1638.0,,,,,
T051,1639.0,,,,,
T051,1640.0,,,,,
T051,1641.0,,,,,
T051,1642.0,,,,,
T051,1643.0,,,,,
T051,1644.0,,,,,
T051,1645.0,,,,,
T051,1646.0,,,,,
T051,1647.0,,,,,
T051,1648.0,,,,,
T051,1649.0,,,,,
T051,1650.0,,,,,
T051,1651.0,,,,,
T051,1652.0,,,,,
T051,1653.0,,,,,
T051,1654.0,,,,,
T051,1655.0,,,,,
T051,1656.0,,,,,
T051,1657.0,,,,,
T051,1658.0,,,,,
T051,1659.0,,,,,
T051,1660.0,,,,,
T051,1661.0,,,,,
T051,1662.0,,,,,
T051,1663.0,,,,,
T051,1664.0,,,,,
T051,1665.0,,,,,
T051,1666.0,,,,,
T051,1667.0,,,,,
T051,1668.0,,,,,
T051,1669.0,,,,,
T051,1670.0,,,,,
T051,1671.0,,,,,
T051,1672.0,,,,,
T051,1673.0,,,,,
T051,1674.0,,,,,
T051,1675.0,,,,,
T051,1676.0,,,,,
T051,1677.0,,,,,
T051,1678.0,,,,,
T051,1679.0,,,,,
T051,1680.0,,,,,
T051,1681.0,,,,,
T051,1682.0,,,,,
T051,1683.0,,,,,
T051,1684.0,,,,,
T051,1685.0,,,,,
T051,1686.0,,,,,
T051,1687.0,,,,,
T051,1688.0,,,,,
T051,1689.0,,,,,
T051,1690.0,,,,,
T051,1691.0,,,,,
T051,1692.0,,,,,
T051,1693.0,,,,,
T051,1694.0,,,,,
T051,1695.0,,,,,
T051,1696.0,,,,,
T051,1697.0,,,,,
T051,1698.0,,,,,
T051,1699.0,,,,,
T051,1700.0,,,,,
T051,1701.0,,,,,
T051,1702.0,,,,,
T051,1703.0,,,,,
T051,1704.0,,,,,
T051,1705.0,,,,,
T051,1706.0,,,,,
T051,1707.0,,,,,
T051,1708.0,,,,,
T051,1709.0,,,,,
T051,1710.0,,,,,
T051,1711.0,,,,,
T051,1712.0,,,,,
T051,1713.0,,,,,
T051,1714.0,,,,,
T051,1715.0,,,,,
T051,1716.0,,,,,
T051,1717.0,,,,,
T051,1718.0,,,,,
T051,1719.0,,,,,
T051,1720.0,,,,,
T051,1721.0,,,,,
T051,1722.0,,,,,
T051,1723.0,,,,,
T051,1724.0,,,,,
T051,1725.0,,,,,
T051,1726.0,,,,,
T051,1727.0,,,,,
T051,1728.0,,,,,
T051,1729.0,,,,,
T051,1730.0,,,,,
T051,1731.0,,,,,
T051,1732.0,,,,,
T051,1733.0,,,,,
T051,1734.0,,,,,
T051,1735.0,,,,,
T051,1736.0,,,,,
T051,1737.0,,,,,
T051,1738.0,,,,,
T051,1739.0,,,,,
T051,1740.0,,,,,
T051,1741.0,,,,,
T051,1742.0,,,,,
T051,1743.0,,,,,
T051,1744.0,,,,,
T051,1745.0,,,,,
T051,1746.0,,,,,
T051,1747.0,,,,,
T051,1748.0,,,,,
T051,1749.0,,,,,
T051,1750.0,,,,,
T051,1751.0,,,,,
T051,1752.0,,,,,
T051,1753.0,,,,,
T051,1754.0,,,,,
T051,1755.0,,,,,
T051,1756.0,,,,,
T051,1757.0,,,,,
T051,1758.0,,,,,
T051,1759.0,,,,,
T051,1760.0,,,,,
T051,1761.0,,,,,
T051,1762.0,,,,,
T051,1763.0,,,,,
T051,1764.0,,,,,
T051,1765.0,,,,,
T051,1766.0,,,,,
T051,1767.0,,,,,
T051,1768.0,,,,,
T051,1769.0,,,,,
T051,1770.0,,,,,
T051,1771.0,,,,,
T051,1772.0,,,,,
T051,1773.0,,,,,
T051,1774.0,,,,,
T051,1775.0,,,,,
T051,1776.0,,,,,
T051,1777.0,,,,,
T051,1778.0,,,,,
T051,1779.0,,,,,
T051,1780.0,,,,,
T051,1781.0,,,,,
T051,1782.0,,,,,
T051,1783.0,,,,,
T051,1784.0,,,,,
T051,1785.0,,,,,
T051,1786.0,,,,,
T051,1787.0,,,,,
T051,1788.0,,,,,
T051,1789.0,,,,,
T051,1790.0,,,,,
T051,1791.0,,,,,
T051,1792.0,,,,,
T051,1793.0,,,,,
T051,1794.0,,,,,
T051,1795.0,,,,,
T051,1796.0,,,,,
T051,1797.0,,,,,
T051,1798.0,,,,,
T051,1799.0,,,,,
T051,1800.0,,,,,
T051,1801.0,,,,,
T051,1802.0,,,,,
T051,1803.0,,,,,
T051,1804.0,,,,,
T051,1805.0,,,,,
T051,1806.0,,,,,
T051,1807.0,,,,,
T051,1808.0,,,,,
T051,1809.0,,,,,
T051,1810.0,,,,,
T051,1811.0,,,,,
T051,1812.0,,,,,
T051,1813.0,,,,,
T051,1814.0,,,,,
T051,1815.0,,,,,
T051,1816.0,,,,,
T051,1817.0,,,,,
T051,1818.0,,,,,
T051,1819.0,,,,,
T051,1820.0,,,,,
T051,1821.0,,,,,
T051,1822.0,,,,,
T051,1823.0,,,,,
T051,1824.0,,,,,
T051,1825.0,,,,,
T051,1826.0,,,,,
T051,1827.0,,,,,
T051,1828.0,,,,,
T051,1829.0,,,,,
T051,1830.0,,,,,
T051,1831.0,,,,,
T051,1832.0,,,,,
T051,1833.0,,,,,
T051,1834.0,,,,,
T051,1835.0,,,,,
T051,1836.0,,,,,
T051,1837.0,,,,,
T051,1838.0,,,,,
T051,1839.0,,,,,
T051,1840.0,,,,,
T051,1841.0,,,,,
T051,1842.0,,,,,
T051,1843.0,,,,,
T051,1844.0,,,,,
T051,1845.0,,,,,
T051,1846.0,,,,,
T051,1847.0,,,,,
T051,1848.0,,,,,
T051,1849.0,,,,,
T051,1850.0,,,,,
T051,1851.0,,,,,
T051,1852.0,,,,,
T051,1853.0,,,,,
T051,1854.0,,,,,
T051,1855.0,,,,,
T051,1856.0,,,,,
T051,1857.0,,,,,
T051,1858.0,,,,,
T051,1859.0,,,,,
T051,1860.0,,,,,
T051,1861.0,,,,,
T051,1862.0,,,,,
T051,1863.0,,,,,
T051,1864.0,,,,,
T051,1865.0,,,,,
T051,1866.0,,,,,
T051,1867.0,,,,,
T051,1868.0,,,,,
T051,1869.0,,,,,
T051,1870.0,,,,,
T051,1871.0,,,,,
T051,1872.0,,,,,
T051,1873.0,,,,,
T051,1874.0,,,,,
T051,1875.0,,,,,
T051,1876.0,,,,,
T051,1877.0,,,,,
T051,1878.0,,,,,
T051,1879.0,,,,,
T051,1880.0,,,,,
T051,1881.0,,,,,
T051,1882.0,,,,,
T051,1883.0,,,,,
T051,1884.0,,,,,
T051,1885.0,,,,,
T051,1886.0,,,,,
T051,1887.0,,,,,
T051,1888.0,,,,,
T051,1889.0,,,,,
T051,1890.0,,,,,
T051,1891.0,,,,,
T051,1892.0,,,,,
T051,1893.0,,,,,
T051,1894.0,,,,,
T051,1895.0,,,,,
T051,1896.0,,,,,
T051,1897.0,,,,,
T051,1898.0,,,,,
T051,1899.0,,,,,
T051,1900.0,,,,,
T051,1901.0,,,,,
T051,1902.0,,,,,
T051,1903.0,,,,,
T051,1904.0,,,,,
T051,1905.0,,,,,
T051,1906.0,,,,,
T051,1907.0,,,,,
T051,1908.0,,,,,
T051,1909.0,,,,,
T051,1910.0,,,,,
T051,1911.0,,,,,
T051,1912.0,,,,,
T051,1913.0,,,,,
T051,1914.0,,,,,
T051,1915.0,,,,,
T051,1916.0,,,,,
T051,1917.0,,,,,
T051,1918.0,,,,,
T051,1919.0,,,,,
T051,1920.0,,,,,
T051,1921.0,,,,,
T051,1922.0,,,,,
T051,1923.0,,,,,
T051,1924.0,,,,,
T051,1925.0,,,,,
T051,1926.0,,,,,
T051,1927.0,,,,,
T051,1928.0,,,,,
T051,1929.0,,,,,
T051,1930.0,,,,,
T051,1931.0,,,,,
T051,1932.0,,,,,
T051,1933.0,,,,,
T051,1934.0,,,,,
T051,1935.0,,,,,
T051,1936.0,,,,,
T051,1937.0,,,,,
T051,1938.0,,,,,
T051,1939.0,,,,,
T051,1940.0,,,,,
T051,1941.0,,,,,
T051,1942.0,,,,,
T051,1943.0,,,,,
T051,1944.0,,,,,
T051,1945.0,,,,,
T051,1946.0,,,,,
T051,1947.0,,,,,
T051,1948.0,,,,,
T051,1949.0,,,,,
T051,1950.0,,,,,
T051,1951.0,,,,,
T051,1952.0,,,,,
T051,1953.0,,,,,
T051,1954.0,,,,,
T051,1955.0,,,,,
T051,1956.0,,,,,
T051,1957.0,,,,,
T051,1958.0,,,,,
T051,1959.0,,,,,
T051,1960.0,,,,,
T051,1961.0,,,,,
T051,1962.0,,,,,
T051,1963.0,,,,,
T051,1964.0,,,,,
T051,1965.0,,,,,
T051,1966.0,,,,,
T051,1967.0,,,,,
T051,1968.0,,,,,
T051,1969.0,,,,,
T051,1970.0,,,,,
T051,1971.0,,,,,
T051,1972.0,,,,,
T051,1973.0,,,,,
T051,1974.0,,,,,
T051,1975.0,,,,,
T051,1976.0,,,,,
T051,1977.0,,,,,
T051,1978.0,,,,,
T051,1979.0,,,,,
T051,1980.0,,,,,
T051,1981.0,,,,,
T051,1982.0,,,,,
T051,1983.0,,,,,
T051,1984.0,,,,,
T051,1985.0,,,,,
T051,1986.0,,,,,
T051,1987.0,,,,,
T051,1988.0,,,,,
T051,1989.0,,,,,
T051,1990.0,,,,,
T051,1991.0,,,,,
T051,1992.0,,,,,
T051,1993.0,,,,,
T051,1994.0,,,,,
T051,1995.0,,,,,
T051,1996.0,,,,,
T051,1997.0,,,,,
T051,1998.0,,,,,
T051,1999.0,,,,,
T051,2000.0,,,,,
T051,2001.0,,,,,
T051,2002.0,,,,,
T051,2003.0,,,,,
T051,2004.0,,,,,
T051,2005.0,,,,,
T051,2006.0,,,,,
T051,2007.0,,,,,
T051,2008.0,,,,,
T051,2009.0,,,,,
T051,2010.0,,,,,
T051,2011.0,,,,,
T051,2012.0,,,,,
T051,2013.0,,,,,
T051,2014.0,,,,,
T051,2015.0,,,,,
T051,2016.0,,,,,
T051,2017.0,,,,,
T051,2018.0,,,,,
T051,2019.0,,,,,
T051,2020.0,,,,,
T051,2021.0,,,,,
T051,2022.0,,,,,
T051,2023.0,,,,,
T051,2024.0,,,,,
T051,2025.0,,,,,
T051,2026.0,,,,,
T051,2027.0,,,,,
T051,2028.0,,,,,
T051,2029.0,,,,,
T051,2030.0,,,,,
T051,2031.0,,,,,
T051,2032.0,,,,,
T051,2033.0,,,,,
T051,2034.0,,,,,
T051,2035.0,,,,,
T051,2036.0,,,,,
T051,2037.0,,,,,
T051,2038.0,,,,,
T051,2039.0,,,,,
T051,2040.0,,,,,
T051,2041.0,,,,,
T051,2042.0,,,,,
T051,2043.0,,,,,
T051,2044.0,,,,,
T051,2045.0,,,,,
T051,2046.0,,,,,
T051,2047.0,,,,,
T051,2048.0,,,,,
T051,2049.0,,,,,
T051,2050.0,,,,,
T051,2051.0,,,,,
T051,2052.0,,,,,
T051,2053.0,,,,,
T051,2054.0,,,,,
T051,2055.0,,,,,
T051,2056.0,,,,,
T051,2057.0,,,,,
T051,2058.0,,,,,
T051,2059.0,,,,,
T051,2060.0,,,,,
T051,2061.0,,,,,
T051,2062.0,,,,,
T051,2063.0,,,,,
T051,2064.0,,,,,
T051,2065.0,,,,,
T051,2066.0,,,,,
T051,2067.0,,,,,
T051,2068.0,,,,,
T051,2069.0,,,,,
T051,2070.0,,,,,
T051,2071.0,,,,,
T051,2072.0,,,,,
T051,2073.0,,,,,
T051,2074.0,,,,,
T051,2075.0,,,,,
T051,2076.0,,,,,
T051,2077.0,,,,,
T051,2078.0,,,,,
T051,2079.0,,,,,
T051,2080.0,,,,,
T051,2081.0,,,,,
T051,2082.0,,,,,
T051,2083.0,,,,,
T051,2084.0,,,,,
T051,2085.0,,,,,
T051,2086.0,,,,,
T051,2087.0,,,,,
T051,2088.0,,,,,
T051,2089.0,,,,,
T051,2090.0,,,,,
T051,2091.0,,,,,
T051,2092.0,,,,,
T051,2093.0,,,,,
T051,2094.0,,,,,
T051,2095.0,,,,,
T051,2096.0,,,,,
T051,2097.0,,,,,
T051,2098.0,,,,,
T051,2099.0,,,,,
T051,2100.0,,,,,
T051,2101.0,,,,,
T051,2102.0,,,,,
T051,2103.0,,,,,
T051,2104.0,,,,,
T051,2105.0,,,,,
T051,2106.0,,,,,
T051,2107.0,,,,,
T051,2108.0,,,,,
T051,2109.0,,,,,
T051,2110.0,,,,,
T051,2111.0,,,,,
T051,2112.0,,,,,
T051,2113.0,,,,,
T051,2114.0,,,,,
T051,2115.0,,,,,
T051,2116.0,,,,,
T051,2117.0,,,,,
T051,2118.0,,,,,
T051,2119.0,,,,,
T051,2120.0,,,,,
T051,2121.0,,,,,
T051,2122.0,,,,,
T051,2123.0,,,,,
T051,2124.0,,,,,
T051,2125.0,,,,,
T051,2126.0,,,,,
T051,2127.0,,,,,
T051,2128.0,,,,,
T051,2129.0,,,,,
T051,2130.0,,,,,
T051,2131.0,,,,,
T051,2132.0,,,,,
T051,2133.0,,,,,
T051,2134.0,,,,,
T051,2135.0,,,,,
T051,2136.0,,,,,
T051,2137.0,,,,,
T051,2138.0,,,,,
T051,2139.0,,,,,
T051,2140.0,,,,,
T051,2141.0,,,,,
T051,2142.0,,,,,
T051,2143.0,,,,,
T051,2144.0,,,,,
T051,2145.0,,,,,
T051,2146.0,,,,,
T051,2147.0,,,,,
T051,2148.0,,,,,
T051,2149.0,,,,,
T051,2150.0,,,,,
T051,2151.0,,,,,
T051,2152.0,,,,,
T051,2153.0,,,,,
T051,2154.0,,,,,
T051,2155.0,,,,,
T051,2156.0,,,,,
T051,2157.0,,,,,
T051,2158.0,,,,,
T051,2159.0,,,,,
T051,2160.0,,,,,
T051,2161.0,,,,,
T051,2162.0,,,,,
T051,2163.0,,,,,
T051,2164.0,,,,,
T051,2165.0,,,,,
T051,2166.0,,,,,
T051,2167.0,,,,,
T051,2168.0,,,,,
T051,2169.0,,,,,
T051,2170.0,,,,,
T051,2171.0,,,,,
T051,2172.0,,,,,
T051,2173.0,,,,,
T051,2174.0,,,,,
T051,2175.0,,,,,
T051,2176.0,,,,,
T051,2177.0,,,,,
T051,2178.0,,,,,
T051,2179.0,,,,,
T051,2180.0,,,,,
T051,2181.0,,,,,
T051,2182.0,,,,,
T051,2183.0,,,,,
T051,2184.0,,,,,
T051,2185.0,,,,,
T051,2186.0,,,,,
T051,2187.0,,,,,
T051,2188.0,,,,,
T051,2189.0,,,,,
T051,2190.0,,,,,
T051,2191.0,,,,,
T051,2192.0,,,,,
T051,2193.0,,,,,
T051,2194.0,,,,,
T051,2195.0,,,,,
T051,2196.0,,,,,
T051,2197.0,,,,,
T051,2198.0,,,,,
T051,2199.0,,,,,
T051,2200.0,,,,,
T051,2201.0,,,,,
T051,2202.0,,,,,
T051,2203.0,,,,,
T051,2204.0,,,,,
T051,2205.0,,,,,
T051,2206.0,,,,,
T051,2207.0,,,,,
T051,2208.0,,,,,
T051,2209.0,,,,,
T051,2210.0,,,,,
T051,2211.0,,,,,
T051,2212.0,,,,,
T051,2213.0,,,,,
T051,2214.0,,,,,
T051,2215.0,,,,,
T051,2216.0,,,,,
T051,2217.0,,,,,
T051,2218.0,,,,,
T051,2219.0,,,,,
T051,2220.0,,,,,
T051,2221.0,,,,,
T051,2222.0,,,,,
T051,2223.0,,,,,
T051,2224.0,,,,,
T051,2225.0,,,,,
T051,2226.0,,,,,
T051,2227.0,,,,,
T051,2228.0,,,,,
T051,2229.0,,,,,
T051,2230.0,,,,,
T051,2231.0,,,,,
T051,2232.0,,,,,
T051,2233.0,,,,,
T051,2234.0,,,,,
T051,2235.0,,,,,
T051,2236.0,,,,,
T051,2237.0,,,,,
T051,2238.0,,,,,
T051,2239.0,,,,,
T051,2240.0,,,,,
T051,2241.0,,,,,
T051,2242.0,,,,,
T051,2243.0,,,,,
T051,2244.0,,,,,
T051,2245.0,,,,,
T051,2246.0,,,,,
T051,2247.0,,,,,
T051,2248.0,,,,,
T051,2249.0,,,,,
T051,2250.0,,,,,
T051,2251.0,,,,,
T051,2252.0,,,,,
T051,2253.0,,,,,
T051,2254.0,,,,,
T051,2255.0,,,,,
T051,2256.0,,,,,
T051,2257.0,,,,,
T051,2258.0,,,,,
T051,2259.0,,,,,
T051,2260.0,,,,,
T051,2261.0,,,,,
T051,2262.0,,,,,
T051,2263.0,,,,,
T051,2264.0,,,,,
T051,2265.0,,,,,
T051,2266.0,,,,,
T051,2267.0,,,,,
T051,2268.0,,,,,
T051,2269.0,,,,,
T051,2270.0,,,,,
T051,2271.0,,,,,
T051,2272.0,,,,,
T051,2273.0,,,,,
T051,2274.0,,,,,
T051,2275.0,,,,,
T051,2276.0,,,,,
T051,2277.0,,,,,
T051,2278.0,,,,,
T051,2279.0,,,,,
T051,2280.0,,,,,
T051,2281.0,,,,,
T051,2282.0,,,,,
T051,2283.0,,,,,
T051,2284.0,,,,,
T051,2285.0,,,,,
T051,2286.0,,,,,
T051,2287.0,,,,,
T051,2288.0,,,,,
T051,2289.0,,,,,
T051,2290.0,,,,,
T051,2291.0,,,,,
T051,2292.0,,,,,
T051,2293.0,,,,,
T051,2294.0,,,,,
T051,2295.0,,,,,
T051,2296.0,,,,,
T051,2297.0,,,,,
T051,2298.0,,,,,
T051,2299.0,,,,,
T051,2300.0,,,,,
T051,2301.0,,,,,
T051,2302.0,,,,,
T051,2303.0,,,,,
T051,2304.0,,,,,
T051,2305.0,,,,,
T051,2306.0,,,,,
T051,2307.0,,,,,
T051,2308.0,,,,,
T051,2309.0,,,,,
T051,2310.0,,,,,
T051,2311.0,,,,,
T051,2312.0,,,,,
T051,2313.0,,,,,
T051,2314.0,,,,,
T051,2315.0,,,,,
T051,2316.0,,,,,
T051,2317.0,,,,,
T051,2318.0,,,,,
T051,2319.0,,,,,
T051,2320.0,,,,,
T051,2321.0,,,,,
T051,2322.0,,,,,
T051,2323.0,,,,,
T051,2324.0,,,,,
T051,2325.0,,,,,
T051,2326.0,,,,,
T051,2327.0,,,,,
T051,2328.0,,,,,
T051,2329.0,,,,,
T051,2330.0,,,,,
T051,2331.0,,,,,
T051,2332.0,,,,,
T051,2333.0,,,,,
T051,2334.0,,,,,
T051,2335.0,,,,,
T051,2336.0,,,,,
T051,2337.0,,,,,
T051,2338.0,,,,,
T051,2339.0,,,,,
T051,2340.0,,,,,
T051,2341.0,,,,,
T051,2342.0,,,,,
T051,2343.0,,,,,
T051,2344.0,,,,,
T051,2345.0,,,,,
T051,2346.0,,,,,
T051,2347.0,,,,,
T051,2348.0,,,,,
T051,2349.0,,,,,
T051,2350.0,,,,,
T051,2351.0,,,,,
T051,2352.0,,,,,
T051,2353.0,,,,,
T051,2354.0,,,,,
T051,2355.0,,,,,
T051,2356.0,,,,,
T051,2357.0,,,,,
T051,2358.0,,,,,
T051,2359.0,,,,,
T051,2360.0,,,,,
T051,2361.0,,,,,
T051,2362.0,,,,,
T051,2363.0,,,,,
T051,2364.0,,,,,
T051,2365.0,,,,,
T051,2366.0,,,,,
T051,2367.0,,,,,
T051,2368.0,,,,,
T051,2369.0,,,,,
T051,2370.0,,,,,
T051,2371.0,,,,,
T051,2372.0,,,,,
T051,2373.0,,,,,
T051,2374.0,,,,,
T051,2375.0,,,,,
T051,2376.0,,,,,
T051,2377.0,,,,,
T051,2378.0,,,,,
T051,2379.0,,,,,
T051,2380.0,,,,,
T051,2381.0,,,,,
T051,2382.0,,,,,
T051,2383.0,,,,,
T051,2384.0,,,,,
T051,2385.0,,,,,
T051,2386.0,,,,,
T051,2387.0,,,,,
T051,2388.0,,,,,
T051,2389.0,,,,,
T051,2390.0,,,,,
T051,2391.0,,,,,
T051,2392.0,,,,,
T051,2393.0,,,,,
T051,2394.0,,,,,
T051,2395.0,,,,,
T051,2396.0,,,,,
T051,2397.0,,,,,
T051,2398.0,,,,,
T051,2399.0,,,,,
T051,2400.0,,,,,
T051,2401.0,,,,,
T051,2402.0,,,,,
T051,2403.0,,,,,
T051,2404.0,,,,,
T051,2405.0,,,,,
T051,2406.0,,,,,
T051,2407.0,,,,,
T051,2408.0,,,,,
T051,2409.0,,,,,
T051,2410.0,,,,,
T051,2411.0,,,,,
T051,2412.0,,,,,
T051,2413.0,,,,,
T051,2414.0,,,,,
T051,2415.0,,,,,
T051,2416.0,,,,,
T051,2417.0,,,,,
T051,2418.0,,,,,
T051,2419.0,,,,,
T051,2420.0,,,,,
T051,2421.0,,,,,
T051,2422.0,,,,,
T051,2423.0,,,,,
T051,2424.0,,,,,
T051,2425.0,,,,,
T051,2426.0,,,,,
T051,2427.0,,,,,
T051,2428.0,,,,,
T051,2429.0,,,,,
T051,2430.0,,,,,
T051,2431.0,,,,,
T051,2432.0,,,,,
T051,2433.0,,,,,
T051,2434.0,,,,,
T051,2435.0,,,,,
T051,2436.0,,,,,
T051,2437.0,,,,,
T051,2438.0,,,,,
T051,2439.0,,,,,
T051,2440.0,,,,,
T051,2441.0,,,,,
T051,2442.0,,,,,
T051,2443.0,,,,,
T051,2444.0,,,,,
T051,2445.0,,,,,
T051,2446.0,,,,,
T051,2447.0,,,,,
T051,2448.0,,,,,
T051,2449.0,,,,,
T051,2450.0,,,,,
T051,2451.0,,,,,
T051,2452.0,,,,,
T051,2453.0,,,,,
T051,2454.0,,,,,
T051,2455.0,,,,,
T051,2456.0,,,,,
T051,2457.0,,,,,
T051,2458.0,,,,,
T051,2459.0,,,,,
T051,2460.0,,,,,
T051,2461.0,,,,,
T051,2462.0,,,,,
T051,2463.0,,,,,
T051,2464.0,,,,,
T051,2465.0,,,,,
T051,2466.0,,,,,
T051,2467.0,,,,,
T051,2468.0,,,,,
T051,2469.0,,,,,
T051,2470.0,,,,,
T051,2471.0,,,,,
T051,2472.0,,,,,
T051,2473.0,,,,,
T051,2474.0,,,,,
T051,2475.0,,,,,
T051,2476.0,,,,,
T051,2477.0,,,,,
T051,2478.0,,,,,
T051,2479.0,,,,,
T051,2480.0,,,,,
T051,2481.0,,,,,
T051,2482.0,,,,,
T051,2483.0,,,,,
T051,2484.0,,,,,
T051,2485.0,,,,,
T051,2486.0,,,,,
T051,2487.0,,,,,
T051,2488.0,,,,,
T051,2489.0,,,,,
T051,2490.0,,,,,
T051,2491.0,,,,,
T051,2492.0,,,,,
T051,2493.0,,,,,
T051,2494.0,,,,,
T051,2495.0,,,,,
T051,2496.0,,,,,
T051,2497.0,,,,,
T051,2498.0,,,,,
T051,2499.0,,,,,
T051,2500.0,,,,,
T051,2501.0,,,,,
T051,2502.0,,,,,
T051,2503.0,,,,,
T051,2504.0,,,,,
T051,2505.0,,,,,
T051,2506.0,,,,,
T051,2507.0,,,,,
T051,2508.0,,,,,
T051,2509.0,,,,,
T051,2510.0,,,,,
T051,2511.0,,,,,
T051,2512.0,,,,,
T051,2513.0,,,,,
T051,2514.0,,,,,
T051,2515.0,,,,,
T051,2516.0,,,,,
T051,2517.0,,,,,
T051,2518.0,,,,,
T051,2519.0,,,,,
T051,2520.0,,,,,
T051,2521.0,,,,,
T051,2522.0,,,,,
T051,2523.0,,,,,
T051,2524.0,,,,,
T051,2525.0,,,,,
T051,2526.0,,,,,
T051,2527.0,,,,,
T051,2528.0,,,,,
T051,2529.0,,,,,
T051,2530.0,,,,,
T051,2531.0,,,,,
T051,2532.0,,,,,
T051,2533.0,,,,,
T051,2534.0,,,,,
T051,2535.0,,,,,
T051,2536.0,,,,,
T051,2537.0,,,,,
T051,2538.0,,,,,
T051,2539.0,,,,,
T051,2540.0,,,,,
T051,2541.0,,,,,
T051,2542.0,,,,,
T051,2543.0,,,,,
T051,2544.0,,,,,
T051,2545.0,,,,,
T051,2546.0,,,,,
T051,2547.0,,,,,
T051,2548.0,,,,,
T051,2549.0,,,,,
T051,2550.0,,,,,
T051,2551.0,,,,,
T051,2552.0,,,,,
T051,2553.0,,,,,
T051,2554.0,,,,,
T051,2555.0,,,,,
T051,2556.0,,,,,
T051,2557.0,,,,,
T051,2558.0,,,,,
T051,2559.0,,,,,
T051,2560.0,,,,,
T051,2561.0,,,,,
T051,2562.0,,,,,
T051,2563.0,,,,,
T051,2564.0,,,,,
T051,2565.0,,,,,
T051,2566.0,,,,,
T051,2567.0,,,,,
T051,2568.0,,,,,
T051,2569.0,,,,,
T051,2570.0,,,,,
T051,2571.0,,,,,
T051,2572.0,,,,,
T051,2573.0,,,,,
T051,2574.0,,,,,
T051,2575.0,,,,,
T051,2576.0,,,,,
T051,2577.0,,,,,
T051,2578.0,,,,,
T051,2579.0,,,,,
T051,2580.0,,,,,
T051,2581.0,,,,,
T051,2582.0,,,,,
T051,2583.0,,,,,
T051,2584.0,,,,,
T051,2585.0,,,,,
T051,2586.0,,,,,
T051,2587.0,,,,,
T051,2588.0,,,,,
T051,2589.0,,,,,
T051,2590.0,,,,,
T051,2591.0,,,,,
T051,2592.0,,,,,
T051,2593.0,,,,,
T051,2594.0,,,,,
T051,2595.0,,,,,
T051,2596.0,,,,,
T051,2597.0,,,,,
T051,2598.0,,,,,
T051,2599.0,,,,,
T051,2600.0,,,,,
T051,2601.0,,,,,
T051,2602.0,,,,,
T051,2603.0,,,,,
T051,2604.0,,,,,
T051,2605.0,,,,,
T051,2606.0,,,,,
T051,2607.0,,,,,
T051,2608.0,,,,,
T051,2609.0,,,,,
T051,2610.0,,,,,
T051,2611.0,,,,,
T051,2612.0,,,,,
T051,2613.0,,,,,
T051,2614.0,,,,,
T051,2615.0,,,,,
T051,2616.0,,,,,
T051,2617.0,,,,,
T051,2618.0,,,,,
T051,2619.0,,,,,
T051,2620.0,,,,,
T051,2621.0,,,,,
T051,2622.0,,,,,
T051,2623.0,,,,,
T051,2624.0,,,,,
T051,2625.0,,,,,
T051,2626.0,,,,,
T051,2627.0,,,,,
T051,2628.0,,,,,
T051,2629.0,,,,,
T051,2630.0,,,,,
T051,2631.0,,,,,
T051,2632.0,,,,,
T051,2633.0,,,,,
T051,2634.0,,,,,
T051,2635.0,,,,,
T051,2636.0,,,,,
T051,2637.0,,,,,
T051,2638.0,,,,,
T051,2639.0,,,,,
T051,2640.0,,,,,
T051,2641.0,,,,,
T051,2642.0,,,,,
T051,2643.0,,,,,
T051,2644.0,,,,,
T051,2645.0,,,,,
T051,2646.0,,,,,
T051,2647.0,,,,,
T051,2648.0,,,,,
T051,2649.0,,,,,
T051,2650.0,,,,,
T051,2651.0,,,,,
T051,2652.0,,,,,
T051,2653.0,,,,,
T051,2654.0,,,,,
T051,2655.0,,,,,
T051,2656.0,,,,,
T051,2657.0,,,,,
T051,2658.0,,,,,
T051,2659.0,,,,,
T051,2660.0,,,,,
T051,2661.0,,,,,
T051,2662.0,,,,,
T051,2663.0,,,,,
T051,2664.0,,,,,
T051,2665.0,,,,,
T051,2666.0,,,,,
T051,2667.0,,,,,
T051,2668.0,,,,,
T051,2669.0,,,,,
T051,2670.0,,,,,
T051,2671.0,,,,,
T051,2672.0,,,,,
T051,2673.0,,,,,
T051,2674.0,,,,,
T051,2675.0,,,,,
T051,2676.0,,,,,
T051,2677.0,,,,,
T051,2678.0,,,,,
T051,2679.0,,,,,
T051,2680.0,,,,,
T051,2681.0,,,,,
T051,2682.0,,,,,
T051,2683.0,,,,,
T051,2684.0,,,,,
T051,2685.0,,,,,
T051,2686.0,,,,,
T051,2687.0,,,,,
T051,2688.0,,,,,
T051,2689.0,,,,,
T051,2690.0,,,,,
T051,2691.0,,,,,
T051,2692.0,,,,,
T051,2693.0,,,,,
T051,2694.0,,,,,
T051,2695.0,,,,,
T051,2696.0,,,,,
T051,2697.0,,,,,
T051,2698.0,,,,,
T051,2699.0,,,,,
T051,2700.0,,,,,
T051,2701.0,,,,,
T051,2702.0,,,,,
T051,2703.0,,,,,
T051,2704.0,,,,,
T051,2705.0,,,,,
T051,2706.0,,,,,
T051,2707.0,,,,,
T051,2708.0,,,,,
T051,2709.0,,,,,
T051,2710.0,,,,,
T051,2711.0,,,,,
T051,2712.0,,,,,
T051,2713.0,,,,,
T051,2714.0,,,,,
T051,2715.0,,,,,
T051,2716.0,,,,,
T051,2717.0,,,,,
T051,2718.0,,,,,
T051,2719.0,,,,,
T051,2720.0,,,,,
T051,2721.0,,,,,
T051,2722.0,,,,,
T051,2723.0,,,,,
T051,2724.0,,,,,
T051,2725.0,,,,,
T051,2726.0,,,,,
T051,2727.0,,,,,
T051,2728.0,,,,,
T051,2729.0,,,,,
T051,2730.0,,,,,
T051,2731.0,,,,,
T051,2732.0,,,,,
T051,2733.0,,,,,
T051,2734.0,,,,,
T051,2735.0,,,,,
T051,2736.0,,,,,
T051,2737.0,,,,,
T051,2738.0,,,,,
T051,2739.0,,,,,
T051,2740.0,,,,,
T051,2741.0,,,,,
T051,2742.0,,,,,
T051,2743.0,,,,,
T051,2744.0,,,,,
T051,2745.0,,,,,
T051,2746.0,,,,,
T051,2747.0,,,,,
T051,2748.0,,,,,
T051,2749.0,,,,,
T051,2750.0,,,,,
T051,2751.0,,,,,
T051,2752.0,,,,,
T051,2753.0,,,,,
T051,2754.0,,,,,
T051,2755.0,,,,,
T051,2756.0,,,,,
T051,2757.0,,,,,
T051,2758.0,,,,,
T051,2759.0,,,,,
T051,2760.0,,,,,
T051,2761.0,,,,,
T051,2762.0,,,,,
T051,2763.0,,,,,
T051,2764.0,,,,,
T051,2765.0,,,,,
T051,2766.0,,,,,
T051,2767.0,,,,,
T051,2768.0,,,,,
T051,2769.0,,,,,
T051,2770.0,,,,,
T051,2771.0,,,,,
T051,2772.0,,,,,
T051,2773.0,,,,,
T051,2774.0,,,,,
T051,2775.0,,,,,
T051,2776.0,,,,,
T051,2777.0,,,,,
T051,2778.0,,,,,
T051,2779.0,,,,,
T051,2780.0,,,,,
T051,2781.0,,,,,
T051,2782.0,,,,,
T051,2783.0,,,,,
T051,2784.0,,,,,
T051,2785.0,,,,,
T051,2786.0,,,,,
T051,2787.0,,,,,
T051,2788.0,,,,,
T051,2789.0,,,,,
T051,2790.0,,,,,
T051,2791.0,,,,,
T051,2792.0,,,,,
T051,2793.0,,,,,
T051,2794.0,,,,,
T051,2795.0,,,,,
T051,2796.0,,,,,
T051,2797.0,,,,,
T051,2798.0,,,,,
T051,2799.0,,,,,
T051,2800.0,,,,,
T051,2801.0,,,,,
T051,2802.0,,,,,
T051,2803.0,,,,,
T051,2804.0,,,,,
T051,2805.0,,,,,
T051,2806.0,,,,,
T051,2807.0,,,,,
T051,2808.0,,,,,
T051,2809.0,,,,,
T051,2810.0,,,,,
T051,2811.0,,,,,
T051,2812.0,,,,,
T051,2813.0,,,,,
T051,2814.0,,,,,
T051,2815.0,,,,,
T051,2816.0,,,,,
T051,2817.0,,,,,
T051,2818.0,,,,,
T051,2819.0,,,,,
T051,2820.0,,,,,
T051,2821.0,,,,,
T051,2822.0,,,,,
T051,2823.0,,,,,
T051,2824.0,,,,,
T051,2825.0,,,,,
T051,2826.0,,,,,
T051,2827.0,,,,,
T051,2828.0,,,,,
T051,2829.0,,,,,
T051,2830.0,,,,,
T051,2831.0,,,,,
T051,2832.0,,,,,
T051,2833.0,,,,,
T051,2834.0,,,,,
T051,2835.0,,,,,
T051,2836.0,,,,,
T051,2837.0,,,,,
T051,2838.0,,,,,
T051,2839.0,,,,,
T051,2840.0,,,,,
T051,2841.0,,,,,
T051,2842.0,,,,,
T051,2843.0,,,,,
T051,2844.0,,,,,
T051,2845.0,,,,,
T051,2846.0,,,,,
T051,2847.0,,,,,
T051,2848.0,,,,,
T051,2849.0,,,,,
T051,2850.0,,,,,
T051,2851.0,,,,,
T051,2852.0,,,,,
T051,2853.0,,,,,
T051,2854.0,,,,,
T051,2855.0,,,,,
T051,2856.0,,,,,
T051,2857.0,,,,,
T051,2858.0,,,,,
T051,2859.0,,,,,
T051,2860.0,,,,,
T051,2861.0,,,,,
T051,2862.0,,,,,
T051,2863.0,,,,,
T051,2864.0,,,,,
T051,2865.0,,,,,
T051,2866.0,,,,,
T051,2867.0,,,,,
T051,2868.0,,,,,
T051,2869.0,,,,,
T051,2870.0,,,,,
T051,2871.0,,,,,
T051,2872.0,,,,,
T051,2873.0,,,,,
T051,2874.0,,,,,
T051,2875.0,,,,,
T051,2876.0,,,,,
T051,2877.0,,,,,
T051,2878.0,,,,,
T051,2879.0,,,,,
T051,2880.0,,,,,
T051,2881.0,,,,,
T051,2882.0,,,,,
T051,2883.0,,,,,
T051,2884.0,,,,,
T051,2885.0,,,,,
T051,2886.0,,,,,
T051,2887.0,,,,,
T051,2888.0,,,,,
T051,2889.0,,,,,
T051,2890.0,,,,,
T051,2891.0,,,,,
T051,2892.0,,,,,
T051,2893.0,,,,,
T051,2894.0,,,,,
T051,2895.0,,,,,
T051,2896.0,,,,,
T051,2897.0,,,,,
T051,2898.0,,,,,
T051,2899.0,,,,,
T051,2900.0,,,,,
T051,2901.0,,,,,
T051,2902.0,,,,,
T051,2903.0,,,,,
T051,2904.0,,,,,
T051,2905.0,,,,,
T051,2906.0,,,,,
T051,2907.0,,,,,
T051,2908.0,,,,,
T051,2909.0,,,,,
T051,2910.0,,,,,
T051,2911.0,,,,,
T051,2912.0,,,,,
T051,2913.0,,,,,
T051,2914.0,,,,,
T051,2915.0,,,,,
T051,2916.0,,,,,
T051,2917.0,,,,,
T051,2918.0,,,,,
T051,2919.0,,,,,
T051,2920.0,,,,,
T051,2921.0,,,,,
T051,2922.0,,,,,
T051,2923.0,,,,,
T051,2924.0,,,,,
T051,2925.0,,,,,
T051,2926.0,,,,,
T051,2927.0,,,,,
T051,2928.0,,,,,
T051,2929.0,,,,,
T051,2930.0,,,,,
T051,2931.0,,,,,
T051,2932.0,,,,,
T051,2933.0,,,,,
T051,2934.0,,,,,
T051,2935.0,,,,,
T051,2936.0,,,,,
T051,2937.0,,,,,
T051,2938.0,,,,,
T051,2939.0,,,,,
T051,2940.0,,,,,
T051,2941.0,,,,,
T051,2942.0,,,,,
T051,2943.0,,,,,
T051,2944.0,,,,,
T051,2945.0,,,,,
T051,2946.0,,,,,
T051,2947.0,,,,,
T051,2948.0,,,,,
T051,2949.0,,,,,
T051,2950.0,,,,,
T051,2951.0,,,,,
T051,2952.0,,,,,
T051,2953.0,,,,,
T051,2954.0,,,,,
T051,2955.0,,,,,
T051,2956.0,,,,,
T051,2957.0,,,,,
T051,2958.0,,,,,
T051,2959.0,,,,,
T051,2960.0,,,,,
T051,2961.0,,,,,
T051,2962.0,,,,,
T051,2963.0,,,,,
T051,2964.0,,,,,
T051,2965.0,,,,,
T051,2966.0,,,,,
T051,2967.0,,,,,
T051,2968.0,,,,,
T051,2969.0,,,,,
T051,2970.0,,,,,
T051,2971.0,,,,,
T051,2972.0,,,,,
T051,2973.0,,,,,
T051,2974.0,,,,,
T051,2975.0,,,,,
T051,2976.0,,,,,
T051,2977.0,,,,,
T051,2978.0,,,,,
T051,2979.0,,,,,
T051,2980.0,,,,,
T051,2981.0,,,,,
T051,2982.0,,,,,
T051,2983.0,,,,,
T051,2984.0,,,,,
T051,2985.0,,,,,
T051,2986.0,,,,,
T051,2987.0,,,,,
T051,2988.0,,,,,
T051,2989.0,,,,,
T051,2990.0,,,,,
T051,2991.0,,,,,
T051,2992.0,,,,,
T051,2993.0,,,,,
T051,2994.0,,,,,
T051,2995.0,,,,,
T051,2996.0,,,,,
T051,2997.0,,,,,
T051,2998.0,,,,,
T051,2999.0,,,,,
T051,3000.0,,,,,
T051,3001.0,,,,,
T051,3002.0,,,,,
T051,3003.0,,,,,
T051,3004.0,,,,,
T051,3005.0,,,,,
T051,3006.0,,,,,
T051,3007.0,,,,,
T051,3008.0,,,,,
T051,3009.0,,,,,
T051,3010.0,,,,,
T051,3011.0,,,,,
T051,3012.0,,,,,
T051,3013.0,,,,,
T051,3014.0,,,,,
T051,3015.0,,,,,
T051,3016.0,,,,,
T051,3017.0,,,,,
T051,3018.0,,,,,
T051,3019.0,,,,,
T051,3020.0,,,,,
T051,3021.0,,,,,
T051,3022.0,,,,,
T051,3023.0,,,,,
T051,3024.0,,,,,
T051,3025.0,,,,,
T051,3026.0,,,,,
T051,3027.0,,,,,
T051,3028.0,,,,,
T051,3029.0,,,,,
T051,3030.0,,,,,
T051,3031.0,,,,,
T051,3032.0,,,,,
T051,3033.0,,,,,
T051,3034.0,,,,,
T051,3035.0,,,,,
T051,3036.0,,,,,
T051,3037.0,,,,,
T051,3038.0,,,,,
T051,3039.0,,,,,
T051,3040.0,,,,,
T051,3041.0,,,,,
T051,3042.0,,,,,
T051,3043.0,,,,,
T051,3044.0,,,,,
T051,3045.0,,,,,
T051,3046.0,,,,,
T051,3047.0,,,,,
T051,3048.0,,,,,
T051,3049.0,,,,,
T051,3050.0,,,,,
T051,3051.0,,,,,
T051,3052.0,,,,,
T051,3053.0,,,,,
T051,3054.0,,,,,
T051,3055.0,,,,,
T051,3056.0,,,,,
T051,3057.0,,,,,
T051,3058.0,,,,,
T051,3059.0,,,,,
T051,3060.0,,,,,
T051,3061.0,,,,,
T051,3062.0,,,,,
T051,3063.0,,,,,
T051,3064.0,,,,,
T051,3065.0,,,,,
T051,3066.0,,,,,
T051,3067.0,,,,,
T051,3068.0,,,,,
T051,3069.0,,,,,
T051,3070.0,,,,,
T051,3071.0,,,,,
T051,3072.0,,,,,
T051,3073.0,,,,,
T051,3074.0,,,,,
T051,3075.0,,,,,
T051,3076.0,,,,,
T051,3077.0,,,,,
T051,3078.0,,,,,
T051,3079.0,,,,,
T051,3080.0,,,,,
T051,3081.0,,,,,
T051,3082.0,,,,,
T051,3083.0,,,,,
T051,3084.0,,,,,
T051,3085.0,,,,,
T051,3086.0,,,,,
T051,3087.0,,,,,
T051,3088.0,,,,,
T051,3089.0,,,,,
T051,3090.0,,,,,
T051,3091.0,,,,,
T051,3092.0,,,,,
T051,3093.0,,,,,
T051,3094.0,,,,,
T051,3095.0,,,,,
T051,3096.0,,,,,
T051,3097.0,,,,,
T051,3098.0,,,,,
T051,3099.0,,,,,
T051,3100.0,,,,,
T051,3101.0,,,,,
T051,3102.0,,,,,
T051,3103.0,,,,,
T051,3104.0,,,,,
T051,3105.0,,,,,
T051,3106.0,,,,,
T051,3107.0,,,,,
T051,3108.0,,,,,
T051,3109.0,,,,,
T051,3110.0,,,,,
T051,3111.0,,,,,
T051,3112.0,,,,,
T051,3113.0,,,,,
T051,3114.0,,,,,
T051,3115.0,,,,,
T051,3116.0,,,,,
T051,3117.0,,,,,
T051,3118.0,,,,,
T051,3119.0,,,,,
T051,3120.0,,,,,
T051,3121.0,,,,,
T051,3122.0,,,,,
T051,3123.0,,,,,
T051,3124.0,,,,,
T051,3125.0,,,,,
T051,3126.0,,,,,
T051,3127.0,,,,,
T051,3128.0,,,,,
T051,3129.0,,,,,
T051,3130.0,,,,,
T051,3131.0,,,,,
T051,3132.0,,,,,
T051,3133.0,,,,,
T051,3134.0,,,,,
T051,3135.0,,,,,
T051,3136.0,,,,,
T051,3137.0,,,,,
T051,3138.0,,,,,
T051,3139.0,,,,,
T051,3140.0,,,,,
T051,3141.0,,,,,
T051,3142.0,,,,,
T051,3143.0,,,,,
T051,3144.0,,,,,
T051,3145.0,,,,,
T051,3146.0,,,,,
T051,3147.0,,,,,
T051,3148.0,,,,,
T051,3149.0,,,,,
T051,3150.0,,,,,
T051,3151.0,,,,,
T051,3152.0,,,,,
T051,3153.0,,,,,
T051,3154.0,,,,,
T051,3155.0,,,,,
T051,3156.0,,,,,
T051,3157.0,,,,,
T051,3158.0,,,,,
T051,3159.0,,,,,
T051,3160.0,,,,,
T051,3161.0,,,,,
T051,3162.0,,,,,
T051,3163.0,,,,,
T051,3164.0,,,,,
T051,3165.0,,,,,
T051,3166.0,,,,,
T051,3167.0,,,,,
T051,3168.0,,,,,
T051,3169.0,,,,,
T051,3170.0,,,,,
T051,3171.0,,,,,
T051,3172.0,,,,,
T051,3173.0,,,,,
T051,3174.0,,,,,
T051,3175.0,,,,,
T051,3176.0,,,,,
T051,3177.0,,,,,
T051,3178.0,,,,,
T051,3179.0,,,,,
T051,3180.0,,,,,
T051,3181.0,,,,,
T051,3182.0,,,,,
T051,3183.0,,,,,
T051,3184.0,,,,,
T051,3185.0,,,,,
T051,3186.0,,,,,
T051,3187.0,,,,,
T051,3188.0,,,,,
T051,3189.0,,,,,
T051,3190.0,,,,,
T051,3191.0,,,,,
T051,3192.0,,,,,
T051,3193.0,,,,,
T051,3194.0,,,,,
T051,3195.0,,,,,
T051,3196.0,,,,,
T051,3197.0,,,,,
T051,3198.0,,,,,
T051,3199.0,,,,,
T051,3200.0,,,,,
T051,3201.0,,,,,
T051,3202.0,,,,,
T051,3203.0,,,,,
T051,3204.0,,,,,
T051,3205.0,,,,,
T051,3206.0,,,,,
T051,3207.0,,,,,
T051,3208.0,,,,,
T051,3209.0,,,,,
T051,3210.0,,,,,
T051,3211.0,,,,,
T051,3212.0,,,,,
T051,3213.0,,,,,
T051,3214.0,,,,,
T051,3215.0,,,,,
T051,3216.0,,,,,
T051,3217.0,,,,,
T051,3218.0,,,,,
T051,3219.0,,,,,
T051,3220.0,,,,,
T051,3221.0,,,,,
T051,3222.0,,,,,
T051,3223.0,,,,,
T051,3224.0,,,,,
T051,3225.0,,,,,
T051,3226.0,,,,,
T051,3227.0,,,,,
T051,3228.0,,,,,
T051,3229.0,,,,,
T051,3230.0,,,,,
T051,3231.0,,,,,
T051,3232.0,,,,,
T051,3233.0,,,,,
T051,3234.0,,,,,
T051,3235.0,,,,,
T051,3236.0,,,,,
T051,3237.0,,,,,
T051,3238.0,,,,,
T051,3239.0,,,,,
T051,3240.0,,,,,
T051,3241.0,,,,,
T051,3242.0,,,,,
T051,3243.0,,,,,
T051,3244.0,,,,,
T051,3245.0,,,,,
T051,3246.0,,,,,
T051,3247.0,,,,,
T051,3248.0,,,,,
T051,3249.0,,,,,
T051,3250.0,,,,,
T051,3251.0,,,,,
T051,3252.0,,,,,
T051,3253.0,,,,,
T051,3254.0,,,,,
T051,3255.0,,,,,
T051,3256.0,,,,,
T051,3257.0,,,,,
T051,3258.0,,,,,
T051,3259.0,,,,,
T051,3260.0,,,,,
T051,3261.0,,,,,
T051,3262.0,,,,,
T051,3263.0,,,,,
T051,3264.0,,,,,
T051,3265.0,,,,,
T051,3266.0,,,,,
T051,3267.0,,,,,
T051,3268.0,,,,,
T051,3269.0,,,,,
T051,3270.0,,,,,
T051,3271.0,,,,,
T051,3272.0,,,,,
T051,3273.0,,,,,
T051,3274.0,,,,,
T051,3275.0,,,,,
T051,3276.0,,,,,
T051,3277.0,,,,,
T051,3278.0,,,,,
T051,3279.0,,,,,
T051,3280.0,,,,,
T051,3281.0,,,,,
T051,3282.0,,,,,
T051,3283.0,,,,,
T051,3284.0,,,,,
T051,3285.0,,,,,
T051,3286.0,,,,,
T051,3287.0,,,,,
T051,3288.0,,,,,
T051,3289.0,,,,,
T051,3290.0,,,,,
T051,3291.0,,,,,
T051,3292.0,,,,,
T051,3293.0,,,,,
T051,3294.0,,,,,
T051,3295.0,,,,,
T051,3296.0,,,,,
T051,3297.0,,,,,
T051,3298.0,,,,,
T051,3299.0,,,,,
T051,3300.0,,,,,
T051,3301.0,,,,,
T051,3302.0,,,,,
T051,3303.0,,,,,
T051,3304.0,,,,,
T051,3305.0,,,,,
T051,3306.0,,,,,
T051,3307.0,,,,,
T051,3308.0,,,,,
T051,3309.0,,,,,
T051,3310.0,,,,,
T051,3311.0,,,,,
T051,3312.0,,,,,
T051,3313.0,,,,,
T051,3314.0,,,,,
T051,3315.0,,,,,
T051,3316.0,,,,,
T051,3317.0,,,,,
T051,3318.0,,,,,
T051,3319.0,,,,,
T051,3320.0,,,,,
T051,3321.0,,,,,
T051,3322.0,,,,,
T051,3323.0,,,,,
T051,3324.0,,,,,
T051,3325.0,,,,,
T051,3326.0,,,,,
T051,3327.0,,,,,
T051,3328.0,,,,,
T051,3329.0,,,,,
T051,3330.0,,,,,
T051,3331.0,,,,,
T051,3332.0,,,,,
T051,3333.0,,,,,
T051,3334.0,,,,,
T051,3335.0,,,,,
T051,3336.0,,,,,
T051,3337.0,,,,,
T051,3338.0,,,,,
T051,3339.0,,,,,
T051,3340.0,,,,,
T051,3341.0,,,,,
T051,3342.0,,,,,
T051,3343.0,,,,,
T051,3344.0,,,,,
T051,3345.0,,,,,
T051,3346.0,,,,,
T051,3347.0,,,,,
T051,3348.0,,,,,
T051,3349.0,,,,,
T051,3350.0,,,,,
T051,3351.0,,,,,
T051,3352.0,,,,,
T051,3353.0,,,,,
T051,3354.0,,,,,
T051,3355.0,,,,,
T051,3356.0,,,,,
T051,3357.0,,,,,
T051,3358.0,,,,,
T051,3359.0,,,,,
T051,3360.0,,,,,
T051,3361.0,,,,,
T051,3362.0,,,,,
T051,3363.0,,,,,
T051,3364.0,,,,,
T051,3365.0,,,,,
T051,3366.0,,,,,
T051,3367.0,,,,,
T051,3368.0,,,,,
T051,3369.0,,,,,
T051,3370.0,,,,,
T051,3371.0,,,,,
T051,3372.0,,,,,
T051,3373.0,,,,,
T051,3374.0,,,,,
T051,3375.0,,,,,
T051,3376.0,,,,,
T051,3377.0,,,,,
T051,3378.0,,,,,
T051,3379.0,,,,,
T051,3380.0,,,,,
T051,3381.0,,,,,
T051,3382.0,,,,,
T051,3383.0,,,,,
T051,3384.0,,,,,
T051,3385.0,,,,,
T051,3386.0,,,,,
T051,3387.0,,,,,
T051,3388.0,,,,,
T051,3389.0,,,,,
T051,3390.0,,,,,
T051,3391.0,,,,,
T051,3392.0,,,,,
T051,3393.0,,,,,
T051,3394.0,,,,,
T051,3395.0,,,,,
T051,3396.0,,,,,
T051,3397.0,,,,,
T051,3398.0,,,,,
T051,3399.0,,,,,
T051,3400.0,,,,,
T051,3401.0,,,,,
T051,3402.0,,,,,
T051,3403.0,,,,,
T051,3404.0,,,,,
T051,3405.0,,,,,
T051,3406.0,,,,,
T051,3407.0,,,,,
T051,3408.0,,,,,
T051,3409.0,,,,,
T051,3410.0,,,,,
T051,3411.0,,,,,
T051,3412.0,,,,,
T051,3413.0,,,,,
T051,3414.0,,,,,
T051,3415.0,,,,,
T051,3416.0,,,,,
T051,3417.0,,,,,
T051,3418.0,,,,,
T051,3419.0,,,,,
T051,3420.0,,,,,
T051,3421.0,,,,,
T051,3422.0,,,,,
T051,3423.0,,,,,
T051,3424.0,,,,,
T051,3425.0,,,,,
T051,3426.0,,,,,
T051,3427.0,,,,,
T051,3428.0,,,,,
T051,3429.0,,,,,
T051,3430.0,,,,,
T051,3431.0,,,,,
T051,3432.0,,,,,
T051,3433.0,,,,,
T051,3434.0,,,,,
T051,3435.0,,,,,
T051,3436.0,,,,,
T051,3437.0,,,,,
T051,3438.0,,,,,
T051,3439.0,,,,,
T051,3440.0,,,,,
T051,3441.0,,,,,
T051,3442.0,,,,,
T051,3443.0,,,,,
T051,3444.0,,,,,
T051,3445.0,,,,,
T051,3446.0,,,,,
T051,3447.0,,,,,
T051,3448.0,,,,,
T051,3449.0,,,,,
T051,3450.0,,,,,
T051,3451.0,,,,,
T051,3452.0,,,,,
T051,3453.0,,,,,
T051,3454.0,,,,,
T051,3455.0,,,,,
T051,3456.0,,,,,
T051,3457.0,,,,,
T051,3458.0,,,,,
T051,3459.0,,,,,
T051,3460.0,,,,,
T051,3461.0,,,,,
T051,3462.0,,,,,
T051,3463.0,,,,,
T051,3464.0,,,,,
T051,3465.0,,,,,
T051,3466.0,,,,,
T051,3467.0,,,,,
T051,3468.0,,,,,
T051,3469.0,,,,,
T051,3470.0,,,,,
T051,3471.0,,,,,
T051,3472.0,,,,,
T051,3473.0,,,,,
T051,3474.0,,,,,
T051,3475.0,,,,,
T051,3476.0,,,,,
T051,3477.0,,,,,
T051,3478.0,,,,,
T051,3479.0,,,,,
T051,3480.0,,,,,
T051,3481.0,,,,,
T051,3482.0,,,,,
T051,3483.0,,,,,
T051,3484.0,,,,,
T051,3485.0,,,,,
T051,3486.0,,,,,
T051,3487.0,,,,,
T051,3488.0,,,,,
T051,3489.0,,,,,
T051,3490.0,,,,,
T051,3491.0,,,,,
T051,3492.0,,,,,
T051,3493.0,,,,,
T051,3494.0,,,,,
T051,3495.0,,,,,
T051,3496.0,,,,,
T051,3497.0,,,,,
T051,3498.0,,,,,
T051,3499.0,,,,,
T051,3500.0,,,,,
T051,3501.0,,,,,
T051,3502.0,,,,,
T051,3503.0,,,,,
T051,3504.0,,,,,
T051,3505.0,,,,,
T051,3506.0,,,,,
T051,3507.0,,,,,
T051,3508.0,,,,,
T051,3509.0,,,,,
T051,3510.0,,,,,
T051,3511.0,,,,,
T051,3512.0,,,,,
T051,3513.0,,,,,
T051,3514.0,,,,,
T051,3515.0,,,,,
T051,3516.0,,,,,
T051,3517.0,,,,,
T051,3518.0,,,,,
T051,3519.0,,,,,
T051,3520.0,,,,,
T051,3521.0,,,,,
T051,3522.0,,,,,
T051,3523.0,,,,,
T051,3524.0,,,,,
T051,3525.0,,,,,
T051,3526.0,,,,,
T051,3527.0,,,,,
T051,3528.0,,,,,
T051,3529.0,,,,,
T051,3530.0,,,,,
T051,3531.0,,,,,
T051,3532.0,,,,,
T051,3533.0,,,,,
T051,3534.0,,,,,
T051,3535.0,,,,,
T051,3536.0,,,,,
T051,3537.0,,,,,
T051,3538.0,,,,,
T051,3539.0,,,,,
T051,3540.0,,,,,
T051,3541.0,,,,,
T051,3542.0,,,,,
T051,3543.0,,,,,
T051,3544.0,,,,,
T051,3545.0,,,,,
T051,3546.0,,,,,
T051,3547.0,,,,,
T051,3548.0,,,,,
T051,3549.0,,,,,
T051,3550.0,,,,,
T051,3551.0,,,,,
T051,3552.0,,,,,
T051,3553.0,,,,,
T051,3554.0,,,,,
T051,3555.0,,,,,
T051,3556.0,,,,,
T051,3557.0,,,,,
T051,3558.0,,,,,
T051,3559.0,,,,,
T051,3560.0,,,,,
T051,3561.0,,,,,
T051,3562.0,,,,,
T051,3563.0,,,,,
T051,3564.0,,,,,
T051,3565.0,,,,,
T051,3566.0,,,,,
T051,3567.0,,,,,
T051,3568.0,,,,,
T051,3569.0,,,,,
T051,3570.0,,,,,
T051,3571.0,,,,,
T051,3572.0,,,,,
T051,3573.0,,,,,
T051,3574.0,,,,,
T051,3575.0,,,,,
T051,3576.0,,,,,
T051,3577.0,,,,,
T051,3578.0,,,,,
T051,3579.0,,,,,
T051,3580.0,,,,,
T051,3581.0,,,,,
T051,3582.0,,,,,
T051,3583.0,,,,,
T051,3584.0,,,,,
T051,3585.0,,,,,
T051,3586.0,,,,,
T051,3587.0,,,,,
T051,3588.0,,,,,
T051,3589.0,,,,,
T051,3590.0,,,,,
T051,3591.0,,,,,
T051,3592.0,,,,,
T051,3593.0,,,,,
T051,3594.0,,,,,
T051,3595.0,,,,,
T051,3596.0,,,,,
T051,3597.0,,,,,
T051,3598.0,,,,,
T051,3599.0,,,,,
T051,3600.0,,,,,
T051,3601.0,,,,,
T051,3602.0,,,,,
T051,3603.0,,,,,
T051,3604.0,,,,,
T051,3605.0,,,,,
T051,3606.0,,,,,
T051,3607.0,,,,,
T051,3608.0,,,,,
T051,3609.0,,,,,
T051,3610.0,,,,,
T051,3611.0,,,,,
T051,3612.0,,,,,
T051,3613.0,,,,,
T051,3614.0,,,,,
T051,3615.0,,,,,
T051,3616.0,,,,,
T051,3617.0,,,,,
T051,3618.0,,,,,
T051,3619.0,,,,,
T051,3620.0,,,,,
T051,3621.0,,,,,
T051,3622.0,,,,,
T051,3623.0,,,,,
T051,3624.0,,,,,
T051,3625.0,,,,,
T051,3626.0,,,,,
T051,3627.0,,,,,
T051,3628.0,,,,,
T051,3629.0,,,,,
T051,3630.0,,,,,
T051,3631.0,,,,,
T051,3632.0,,,,,
T051,3633.0,,,,,
T051,3634.0,,,,,
T051,3635.0,,,,,
T051,3636.0,,,,,
T051,3637.0,,,,,
T051,3638.0,,,,,
T051,3639.0,,,,,
T051,3640.0,,,,,
T051,3641.0,,,,,
T051,3642.0,,,,,
T051,3643.0,,,,,
T051,3644.0,,,,,
T051,3645.0,,,,,
T051,3646.0,,,,,
T051,3647.0,,,,,
T051,3648.0,,,,,
T051,3649.0,,,,,
T051,3650.0,,,,,
T051,3651.0,,,,,
T051,3652.0,,,,,
T051,3653.0,,,,,
T051,3654.0,,,,,
T051,3655.0,,,,,
T051,3656.0,,,,,
T051,3657.0,,,,,
T051,3658.0,,,,,
T051,3659.0,,,,,
T051,3660.0,,,,,
T051,3661.0,,,,,
T051,3662.0,,,,,
T051,3663.0,,,,,
T051,3664.0,,,,,
T051,3665.0,,,,,
T051,3666.0,,,,,
T051,3667.0,,,,,
T051,3668.0,,,,,
T051,3669.0,,,,,
T051,3670.0,,,,,
T051,3671.0,,,,,
T051,3672.0,,,,,
T051,3673.0,,,,,
T051,3674.0,,,,,
T051,3675.0,,,,,
T051,3676.0,,,,,
T051,3677.0,,,,,
T051,3678.0,,,,,
T051,3679.0,,,,,
T051,3680.0,,,,,
T051,3681.0,,,,,
T051,3682.0,,,,,
T051,3683.0,,,,,
T051,3684.0,,,,,
T051,3685.0,,,,,
T051,3686.0,,,,,
T051,3687.0,,,,,
T051,3688.0,,,,,
T051,3689.0,,,,,
T051,3690.0,,,,,
T051,3691.0,,,,,
T051,3692.0,,,,,
T051,3693.0,,,,,
T051,3694.0,,,,,
T051,3695.0,,,,,
T051,3696.0,,,,,
T051,3697.0,,,,,
T051,3698.0,,,,,
T051,3699.0,,,,,
T051,3700.0,,,,,
T051,3701.0,,,,,
T051,3702.0,,,,,
T051,3703.0,,,,,
T051,3704.0,,,,,
T051,3705.0,,,,,
T051,3706.0,,,,,
T051,3707.0,,,,,
T051,3708.0,,,,,
T051,3709.0,,,,,
T051,3710.0,,,,,
T051,3711.0,,,,,
T051,3712.0,,,,,
T051,3713.0,,,,,
T051,3714.0,,,,,
T051,3715.0,,,,,
T051,3716.0,,,,,
T051,3717.0,,,,,
T051,3718.0,,,,,
T051,3719.0,,,,,
T051,3720.0,,,,,
T051,3721.0,,,,,
T051,3722.0,,,,,
T051,3723.0,,,,,
T051,3724.0,,,,,
T051,3725.0,,,,,
T051,3726.0,,,,,
T051,3727.0,,,,,
T051,3728.0,,,,,
T051,3729.0,,,,,
T051,3730.0,,,,,
T051,3731.0,,,,,
T051,3732.0,,,,,
T051,3733.0,,,,,
T051,3734.0,,,,,
T051,3735.0,,,,,
T051,3736.0,,,,,
T051,3737.0,,,,,
T051,3738.0,,,,,
T051,3739.0,,,,,
T051,3740.0,,,,,
T051,3741.0,,,,,
T051,3742.0,,,,,
T051,3743.0,,,,,
T051,3744.0,,,,,
T051,3745.0,,,,,
T051,3746.0,,,,,
T051,3747.0,,,,,
T051,3748.0,,,,,
T051,3749.0,,,,,
T051,3750.0,,,,,
T051,3751.0,,,,,
T051,3752.0,,,,,
T051,3753.0,,,,,
T051,3754.0,,,,,
T051,3755.0,,,,,
T051,3756.0,,,,,
T051,3757.0,,,,,
T051,3758.0,,,,,
T051,3759.0,,,,,
T051,3760.0,,,,,
T051,3761.0,,,,,
T051,3762.0,,,,,
T051,3763.0,,,,,
T051,3764.0,,,,,
T051,3765.0,,,,,
T051,3766.0,,,,,
T051,3767.0,,,,,
T051,3768.0,,,,,
T051,3769.0,,,,,
T051,3770.0,,,,,
T051,3771.0,,,,,
T051,3772.0,,,,,
T051,3773.0,,,,,
T051,3774.0,,,,,
T051,3775.0,,,,,
T051,3776.0,,,,,
T051,3777.0,,,,,
T051,3778.0,,,,,
T051,3779.0,,,,,
T051,3780.0,,,,,
T051,3781.0,,,,,
T051,3782.0,,,,,
T051,3783.0,,,,,
T051,3784.0,,,,,
T051,3785.0,,,,,
T051,3786.0,,,,,
T051,3787.0,,,,,
T051,3788.0,,,,,
T051,3789.0,,,,,
T051,3790.0,,,,,
T051,3791.0,,,,,
T051,3792.0,,,,,
T051,3793.0,,,,,
T051,3794.0,,,,,
T051,3795.0,,,,,
T051,3796.0,,,,,
T051,3797.0,,,,,
T051,3798.0,,,,,
T051,3799.0,,,,,
T051,3800.0,,,,,
T051,3801.0,,,,,
T051,3802.0,,,,,
T051,3803.0,,,,,
T051,3804.0,,,,,
T051,3805.0,,,,,
T051,3806.0,,,,,
T051,3807.0,,,,,
T051,3808.0,,,,,
T051,3809.0,,,,,
T051,3810.0,,,,,
T051,3811.0,,,,,
T051,3812.0,,,,,
T051,3813.0,,,,,
T051,3814.0,,,,,
T051,3815.0,,,,,
T051,3816.0,,,,,
T051,3817.0,,,,,
T051,3818.0,,,,,
T051,3819.0,,,,,
T051,3820.0,,,,,
T051,3821.0,,,,,
T051,3822.0,,,,,
T051,3823.0,,,,,
T051,3824.0,,,,,
T051,3825.0,,,,,
T051,3826.0,,,,,
T051,3827.0,,,,,
T051,3828.0,,,,,
T051,3829.0,,,,,
T051,3830.0,,,,,
T051,3831.0,,,,,
T051,3832.0,,,,,
T051,3833.0,,,,,
T051,3834.0,,,,,
T051,3835.0,,,,,
T051,3836.0,,,,,
T051,3837.0,,,,,
T051,3838.0,,,,,
T051,3839.0,,,,,
T051,3840.0,,,,,
T051,3841.0,,,,,
T051,3842.0,,,,,
T051,3843.0,,,,,
T051,3844.0,,,,,
T051,3845.0,,,,,
T051,3846.0,,,,,
T051,3847.0,,,,,
T051,3848.0,,,,,
T051,3849.0,,,,,
T051,3850.0,,,,,
T051,3851.0,,,,,
T051,3852.0,,,,,
T051,3853.0,,,,,
T051,3854.0,,,,,
T051,3855.0,,,,,
T051,3856.0,,,,,
T051,3857.0,,,,,
T051,3858.0,,,,,
T051,3859.0,,,,,
T051,3860.0,,,,,
T051,3861.0,,,,,
T051,3862.0,,,,,
T051,3863.0,,,,,
T051,3864.0,,,,,
T051,3865.0,,,,,
T051,3866.0,,,,,
T051,3867.0,,,,,
T051,3868.0,,,,,
T051,3869.0,,,,,
T051,3870.0,,,,,
T051,3871.0,,,,,
T051,3872.0,,,,,
T051,3873.0,,,,,
T051,3874.0,,,,,
T051,3875.0,,,,,
T051,3876.0,,,,,
T051,3877.0,,,,,
T051,3878.0,,,,,
T051,3879.0,,,,,
T051,3880.0,,,,,
T051,3881.0,,,,,
T051,3882.0,,,,,
T051,3883.0,,,,,
T051,3884.0,,,,,
T051,3885.0,,,,,
T051,3886.0,,,,,
T051,3887.0,,,,,
T051,3888.0,,,,,
T051,3889.0,,,,,
T051,3890.0,,,,,
T051,3891.0,,,,,
T051,3892.0,,,,,
T051,3893.0,,,,,
T051,3894.0,,,,,
T051,3895.0,,,,,
T051,3896.0,,,,,
T051,3897.0,,,,,
T051,3898.0,,,,,
T051,3899.0,,,,,
T051,3900.0,,,,,
T051,3901.0,,,,,
T051,3902.0,,,,,
T051,3903.0,,,,,
T051,3904.0,,,,,
T051,3905.0,,,,,
T051,3906.0,,,,,
T051,3907.0,,,,,
T051,3908.0,,,,,
T051,3909.0,,,,,
T051,3910.0,,,,,
T051,3911.0,,,,,
T051,3912.0,,,,,
T051,3913.0,,,,,
T051,3914.0,,,,,
T051,3915.0,,,,,
T051,3916.0,,,,,
T051,3917.0,,,,,
T051,3918.0,,,,,
T051,3919.0,,,,,
T051,3920.0,,,,,
T051,3921.0,,,,,
T051,3922.0,,,,,
T051,3923.0,,,,,
T051,3924.0,,,,,
T051,3925.0,,,,,
T051,3926.0,,,,,
T051,3927.0,,,,,
T051,3928.0,,,,,
T051,3929.0,,,,,
T051,3930.0,,,,,
T051,3931.0,,,,,
T051,3932.0,,,,,
T051,3933.0,,,,,
T051,3934.0,,,,,
T051,3935.0,,,,,
T051,3936.0,,,,,
T051,3937.0,,,,,
T051,3938.0,,,,,
T051,3939.0,,,,,
T051,3940.0,,,,,
T051,3941.0,,,,,
T051,3942.0,,,,,
T051,3943.0,,,,,
T051,3944.0,,,,,
T051,3945.0,,,,,
T051,3946.0,,,,,
T051,3947.0,,,,,
T051,3948.0,,,,,
T051,3949.0,,,,,
T051,3950.0,,,,,
T051,3951.0,,,,,
T051,3952.0,,,,,
T051,3953.0,,,,,
T051,3954.0,,,,,
T051,3955.0,,,,,
T051,3956.0,,,,,
T051,3957.0,,,,,
T051,3958.0,,,,,
T051,3959.0,,,,,
T051,3960.0,,,,,
T051,3961.0,,,,,
T051,3962.0,,,,,
T051,3963.0,,,,,
T051,3964.0,,,,,
T051,3965.0,,,,,
T051,3966.0,,,,,
T051,3967.0,,,,,
T051,3968.0,,,,,
T051,3969.0,,,,,
T051,3970.0,,,,,
T051,3971.0,,,,,
T051,3972.0,,,,,
T051,3973.0,,,,,
T051,3974.0,,,,,
T051,3975.0,,,,,
T051,3976.0,,,,,
T051,3977.0,,,,,
T051,3978.0,,,,,
T051,3979.0,,,,,
T051,3980.0,,,,,
T051,3981.0,,,,,
T051,3982.0,,,,,
T051,3983.0,,,,,
T051,3984.0,,,,,
T051,3985.0,,,,,
T051,3986.0,,,,,
T051,3987.0,,,,,
T051,3988.0,,,,,
T051,3989.0,,,,,
T051,3990.0,,,,,
T051,3991.0,,,,,
T051,3992.0,,,,,
T051,3993.0,,,,,
T051,3994.0,,,,,
T051,3995.0,,,,,
T051,3996.0,,,,,
T051,3997.0,,,,,
T051,3998.0,,,,,
T051,3999.0,,,,,
T051,4000.0,,,,,
T051,4001.0,,,,,
T051,4002.0,,,,,
T051,4003.0,,,,,
T051,4004.0,,,,,
T051,4005.0,,,,,
T051,4006.0,,,,,
T051,4007.0,,,,,
T051,4008.0,,,,,
T051,4009.0,,,,,
T051,4010.0,,,,,
T051,4011.0,,,,,
T051,4012.0,,,,,
T051,4013.0,,,,,
T051,4014.0,,,,,
T051,4015.0,,,,,
T051,4016.0,,,,,
T051,4017.0,,,,,
T051,4018.0,,,,,
T051,4019.0,,,,,
T051,4020.0,,,,,
T051,4021.0,,,,,
T051,4022.0,,,,,
T051,4023.0,,,,,
T051,4024.0,,,,,
T051,4025.0,,,,,
T051,4026.0,,,,,
T051,4027.0,,,,,
T051,4028.0,,,,,
T051,4029.0,,,,,
T051,4030.0,,,,,
T051,4031.0,,,,,
T051,4032.0,,,,,
T051,4033.0,,,,,
T051,4034.0,,,,,
T051,4035.0,,,,,
T051,4036.0,,,,,
T051,4037.0,,,,,
T051,4038.0,,,,,
T051,4039.0,,,,,
T051,4040.0,,,,,
T051,4041.0,,,,,
T051,4042.0,,,,,
T051,4043.0,,,,,
T051,4044.0,,,,,
T051,4045.0,,,,,
T051,4046.0,,,,,
T051,4047.0,,,,,
T051,4048.0,,,,,
T051,4049.0,,,,,
T051,4050.0,,,,,
T051,4051.0,,,,,
T051,4052.0,,,,,
T051,4053.0,,,,,
T051,4054.0,,,,,
T051,4055.0,,,,,
T051,4056.0,,,,,
T051,4057.0,,,,,
T051,4058.0,,,,,
T051,4059.0,,,,,
T051,4060.0,,,,,
T051,4061.0,,,,,
T051,4062.0,,,,,
T051,4063.0,,,,,
T051,4064.0,,,,,
T051,4065.0,,,,,
T051,4066.0,,,,,
T051,4067.0,,,,,
T051,4068.0,,,,,
T051,4069.0,,,,,
T051,4070.0,,,,,
T051,4071.0,,,,,
T051,4072.0,,,,,
T051,4073.0,,,,,
T051,4074.0,,,,,
T051,4075.0,,,,,
T051,4076.0,,,,,
T051,4077.0,,,,,
T051,4078.0,,,,,
T051,4079.0,,,,,
T051,4080.0,,,,,
T051,4081.0,,,,,
T051,4082.0,,,,,
T051,4083.0,,,,,
T051,4084.0,,,,,
T051,4085.0,,,,,
T051,4086.0,,,,,
T051,4087.0,,,,,
T051,4088.0,,,,,
T051,4089.0,,,,,
T051,4090.0,,,,,
T051,4091.0,,,,,
T051,4092.0,,,,,
T051,4093.0,,,,,
T051,4094.0,,,,,
T051,4095.0,,,,,
T051,4096.0,,,,,
T051,4097.0,,,,,
T051,4098.0,,,,,
T051,4099.0,,,,,
T051,4100.0,,,,,
T051,4101.0,,,,,
T051,4102.0,,,,,
T051,4103.0,,,,,
T051,4104.0,,,,,
T051,4105.0,,,,,
T051,4106.0,,,,,
T051,4107.0,,,,,
T051,4108.0,,,,,
T051,4109.0,,,,,
T051,4110.0,,,,,
T051,4111.0,,,,,
T051,4112.0,,,,,
T051,4113.0,,,,,
T051,4114.0,,,,,
T051,4115.0,,,,,
T051,4116.0,,,,,
T051,4117.0,,,,,
T051,4118.0,,,,,
T051,4119.0,,,,,
T051,4120.0,,,,,
T051,4121.0,,,,,
T051,4122.0,,,,,
T051,4123.0,,,,,
T051,4124.0,,,,,
T051,4125.0,,,,,
T051,4126.0,,,,,
T051,4127.0,,,,,
T051,4128.0,,,,,
T051,4129.0,,,,,
T051,4130.0,,,,,
T051,4131.0,,,,,
T051,4132.0,,,,,
T051,4133.0,,,,,
T051,4134.0,,,,,
T051,4135.0,,,,,
T051,4136.0,,,,,
T051,4137.0,,,,,
T051,4138.0,,,,,
T051,4139.0,,,,,
T051,4140.0,,,,,
T051,4141.0,,,,,
T051,4142.0,,,,,
T051,4143.0,,,,,
T051,4144.0,,,,,
T051,4145.0,,,,,
T051,4146.0,,,,,
T051,4147.0,,,,,
T051,4148.0,,,,,
T051,4149.0,,,,,
T051,4150.0,,,,,
T051,4151.0,,,,,
T051,4152.0,,,,,
T051,4153.0,,,,,
T051,4154.0,,,,,
T051,4155.0,,,,,
T051,4156.0,,,,,
T051,4157.0,,,,,
T051,4158.0,,,,,
T051,4159.0,,,,,
T051,4160.0,,,,,
T051,4161.0,,,,,
T051,4162.0,,,,,
T051,4163.0,,,,,
T051,4164.0,,,,,
T051,4165.0,,,,,
T051,4166.0,,,,,
T051,4167.0,,,,,
T051,4168.0,,,,,
T051,4169.0,,,,,
T051,4170.0,,,,,
T051,4171.0,,,,,
T051,4172.0,,,,,
T051,4173.0,,,,,
T051,4174.0,,,,,
T051,4175.0,,,,,
T051,4176.0,,,,,
T051,4177.0,,,,,
T051,4178.0,,,,,
T051,4179.0,,,,,
T051,4180.0,,,,,
T051,4181.0,,,,,
T051,4182.0,,,,,
T051,4183.0,,,,,
T051,4184.0,,,,,
T051,4185.0,,,,,
T051,4186.0,,,,,
T051,4187.0,,,,,
T051,4188.0,,,,,
T051,4189.0,,,,,
T051,4190.0,,,,,
T051,4191.0,,,,,
T051,4192.0,,,,,
T051,4193.0,,,,,
T051,4194.0,,,,,
T051,4195.0,,,,,
T051,4196.0,,,,,
T051,4197.0,,,,,
T051,4198.0,,,,,
T051,4199.0,,,,,
T051,4200.0,,,,,
T051,4201.0,,,,,
T051,4202.0,,,,,
T051,4203.0,,,,,
T051,4204.0,,,,,
T051,4205.0,,,,,
T051,4206.0,,,,,
T051,4207.0,,,,,
T051,4208.0,,,,,
T051,4209.0,,,,,
T051,4210.0,,,,,
T051,4211.0,,,,,
T051,4212.0,,,,,
T051,4213.0,,,,,
T051,4214.0,,,,,
T051,4215.0,,,,,
T051,4216.0,,,,,
T051,4217.0,,,,,
T051,4218.0,,,,,
T051,4219.0,,,,,
T051,4220.0,,,,,
T051,4221.0,,,,,
T051,4222.0,,,,,
T051,4223.0,,,,,
T051,4224.0,,,,,
T051,4225.0,,,,,
T051,4226.0,,,,,
T051,4227.0,,,,,
T051,4228.0,,,,,
T051,4229.0,,,,,
T051,4230.0,,,,,
T051,4231.0,,,,,
T051,4232.0,,,,,
T051,4233.0,,,,,
T051,4234.0,,,,,
T051,4235.0,,,,,
T051,4236.0,,,,,
T051,4237.0,,,,,
T051,4238.0,,,,,
T051,4239.0,,,,,
T051,4240.0,,,,,
T051,4241.0,,,,,
T051,4242.0,,,,,
T051,4243.0,,,,,
T051,4244.0,,,,,
T051,4245.0,,,,,
T051,4246.0,,,,,
T051,4247.0,,,,,
T051,4248.0,,,,,
T051,4249.0,,,,,
T051,4250.0,,,,,
T051,4251.0,,,,,
T051,4252.0,,,,,
T051,4253.0,,,,,
T051,4254.0,,,,,
T051,4255.0,,,,,
T051,4256.0,,,,,
T051,4257.0,,,,,
T051,4258.0,,,,,
T051,4259.0,,,,,
T051,4260.0,,,,,
T051,4261.0,,,,,
T051,4262.0,,,,,
T051,4263.0,,,,,
T051,4264.0,,,,,
T051,4265.0,,,,,
T051,4266.0,,,,,
T051,4267.0,,,,,
T051,4268.0,,,,,
T051,4269.0,,,,,
T051,4270.0,,,,,
T051,4271.0,,,,,
T051,4272.0,,,,,
T051,4273.0,,,,,
T051,4274.0,,,,,
T051,4275.0,,,,,
T051,4276.0,,,,,
T051,4277.0,,,,,
T051,4278.0,,,,,
T051,4279.0,,,,,
T051,4280.0,,,,,
T051,4281.0,,,,,
T051,4282.0,,,,,
T051,4283.0,,,,,
T051,4284.0,,,,,
T051,4285.0,,,,,
T051,4286.0,,,,,
T051,4287.0,,,,,
T051,4288.0,,,,,
T051,4289.0,,,,,
T051,4290.0,,,,,
T051,4291.0,,,,,
T051,4292.0,,,,,
T051,4293.0,,,,,
T051,4294.0,,,,,
T051,4295.0,,,,,
T051,4296.0,,,,,
T051,4297.0,,,,,
T051,4298.0,,,,,
T051,4299.0,,,,,
T051,4300.0,,,,,
T051,4301.0,,,,,
T051,4302.0,,,,,
T051,4303.0,,,,,
T051,4304.0,,,,,
T051,4305.0,,,,,
T051,4306.0,,,,,
T051,4307.0,,,,,
T051,4308.0,,,,,
T051,4309.0,,,,,
T051,4310.0,,,,,
T051,4311.0,,,,,
T051,4312.0,,,,,
T051,4313.0,,,,,
T051,4314.0,,,,,
T051,4315.0,,,,,
T051,4316.0,,,,,
T051,4317.0,,,,,
T051,4318.0,,,,,
T051,4319.0,,,,,
T051,4320.0,,,,,
T051,4321.0,,,,,
T051,4322.0,,,,,
T051,4323.0,,,,,
T051,4324.0,,,,,
T051,4325.0,,,,,
T051,4326.0,,,,,
T051,4327.0,,,,,
T051,4328.0,,,,,
T051,4329.0,,,,,
T051,4330.0,,,,,
T051,4331.0,,,,,
T051,4332.0,,,,,
T051,4333.0,,,,,
T051,4334.0,,,,,
T051,4335.0,,,,,
T051,4336.0,,,,,
T051,4337.0,,,,,
T051,4338.0,,,,,
T051,4339.0,,,,,
T051,4340.0,,,,,
T051,4341.0,,,,,
T051,4342.0,,,,,
T051,4343.0,,,,,
T051,4344.0,,,,,
T051,4345.0,,,,,
T051,4346.0,,,,,
T051,4347.0,,,,,
T051,4348.0,,,,,
T051,4349.0,,,,,
T051,4350.0,,,,,
T051,4351.0,,,,,
T051,4352.0,,,,,
T051,4353.0,,,,,
T051,4354.0,,,,,
T051,4355.0,,,,,
T051,4356.0,,,,,
T051,4357.0,,,,,
T051,4358.0,,,,,
T051,4359.0,,,,,
T051,4360.0,,,,,
T051,4361.0,,,,,
T051,4362.0,,,,,
T051,4363.0,,,,,
T051,4364.0,,,,,
T051,4365.0,,,,,
T051,4366.0,,,,,
T051,4367.0,,,,,
T051,4368.0,,,,,
T051,4369.0,,,,,
T051,4370.0,,,,,
T051,4371.0,,,,,
T051,4372.0,,,,,
T051,4373.0,,,,,
T051,4374.0,,,,,
T051,4375.0,,,,,
T051,4376.0,,,,,
T051,4377.0,,,,,
T051,4378.0,,,,,
T051,4379.0,,,,,
T051,4380.0,,,,,
T051,4381.0,,,,,
T051,4382.0,,,,,
T051,4383.0,,,,,
T051,4384.0,,,,,
T051,4385.0,,,,,
T051,4386.0,,,,,
T051,4387.0,,,,,
T051,4388.0,,,,,
T051,4389.0,,,,,
T051,4390.0,,,,,
T051,4391.0,,,,,
T051,4392.0,,,,,
T051,4393.0,,,,,
T051,4394.0,,,,,
T051,4395.0,,,,,
T051,4396.0,,,,,
T051,4397.0,,,,,
T051,4398.0,,,,,
T051,4399.0,,,,,
T051,4400.0,,,,,
T051,4401.0,,,,,
T051,4402.0,,,,,
T051,4403.0,,,,,
T051,4404.0,,,,,
T051,4405.0,,,,,
T051,4406.0,,,,,
T051,4407.0,,,,,
T051,4408.0,,,,,
T051,4409.0,,,,,
T051,4410.0,,,,,
T051,4411.0,,,,,
T051,4412.0,,,,,
T051,4413.0,,,,,
T051,4414.0,,,,,
T051,4415.0,,,,,
T051,4416.0,,,,,
T051,4417.0,,,,,
T051,4418.0,,,,,
T051,4419.0,,,,,
T051,4420.0,,,,,
T051,4421.0,,,,,
T051,4422.0,,,,,
T051,4423.0,,,,,
T051,4424.0,,,,,
T051,4425.0,,,,,
T051,4426.0,,,,,
T051,4427.0,,,,,
T051,4428.0,,,,,
T051,4429.0,,,,,
T051,4430.0,,,,,
T051,4431.0,,,,,
T051,4432.0,,,,,
T051,4433.0,,,,,
T051,4434.0,,,,,
T051,4435.0,,,,,
T051,4436.0,,,,,
T051,4437.0,,,,,
T051,4438.0,,,,,
T051,4439.0,,,,,
T051,4440.0,,,,,
T051,4441.0,,,,,
T051,4442.0,,,,,
T051,4443.0,,,,,
T051,4444.0,,,,,
T051,4445.0,,,,,
T051,4446.0,,,,,
T051,4447.0,,,,,
T051,4448.0,,,,,
T051,4449.0,,,,,
T051,4450.0,,,,,
T051,4451.0,,,,,
T051,4452.0,,,,,
T051,4453.0,,,,,
T051,4454.0,,,,,
T051,4455.0,,,,,
T051,4456.0,,,,,
T051,4457.0,,,,,
T051,4458.0,,,,,
T051,4459.0,,,,,
T051,4460.0,,,,,
T051,4461.0,,,,,
T051,4462.0,,,,,
T051,4463.0,,,,,
T051,4464.0,,,,,
T051,4465.0,,,,,
T051,4466.0,,,,,
T051,4467.0,,,,,
T051,4468.0,,,,,
T051,4469.0,,,,,
T051,4470.0,,,,,
T051,4471.0,,,,,
T051,4472.0,,,,,
T051,4473.0,,,,,
T051,4474.0,,,,,
T051,4475.0,,,,,
T051,4476.0,,,,,
T051,4477.0,,,,,
T051,4478.0,,,,,
T051,4479.0,,,,,
T051,4480.0,,,,,
T051,4481.0,,,,,
T051,4482.0,,,,,
T051,4483.0,,,,,
T051,4484.0,,,,,
T051,4485.0,,,,,
T051,4486.0,,,,,
T051,4487.0,,,,,
T051,4488.0,,,,,
T051,4489.0,,,,,
T051,4490.0,,,,,
T051,4491.0,,,,,
T051,4492.0,,,,,
T051,4493.0,,,,,
T051,4494.0,,,,,
T051,4495.0,,,,,
T051,4496.0,,,,,
T051,4497.0,,,,,
T051,4498.0,,,,,
T051,4499.0,,,,,
T051,4500.0,,,,,
T051,4501.0,,,,,
T051,4502.0,,,,,
T051,4503.0,,,,,
T051,4504.0,,,,,
T051,4505.0,,,,,
T051,4506.0,,,,,
T051,4507.0,,,,,
T051,4508.0,,,,,
T051,4509.0,,,,,
T051,4510.0,,,,,
T051,4511.0,5.92691818328935e-29,3.1570147861060326e-15,8.70733718415398e-34,0.9999999999995136,4.833653976582813e-13
T051,4512.0,,,,,
T051,4513.0,,,,,
T051,4514.0,,,,,
T051,4515.0,,,,,
T051,4516.0,,,,,
T051,4517.0,,,,,
T051,4518.0,2.187003803927234e-23,8.380315634332429e-08,1.3474371409659235e-34,0.9819701261678166,0.018029790029027
T051,4519.0,,,,,
T051,4520.0,,,,,
T051,4521.0,,,,,
T051,4522.0,,,,,
T051,4523.0,,,,,
T051,4524.0,,,,,
T051,4525.0,,,,,
T051,4526.0,0.15152385254126416,0.0005925200490865492,0.7543344731324026,0.0830727572348,0.01047639704244651
T051,4527.0,0.005454051825424994,0.9107864707851712,0.01700982533994154,0.04328296100390348,0.023466691045558718
T051,4528.0,3.0851697861111813e-10,0.03251468975653595,1.0568587893704831e-16,0.06465975629040058,0.9028255536445464
T051,4529.0,2.9108406707173344e-07,0.5411289682530686,3.1555050737885675e-11,0.02367816345471627,0.4351925771765929
T051,4530.0,,,,,
T051,4531.0,,,,,
T051,4532.0,1.862020991455388e-16,3.3910070707727385e-05,9.020841177137056e-24,0.9745683535539568,0.025397736375335097
T051,4533.0,,,,,
T051,4534.0,,,,,
T051,4535.0,,,,,
T051,4536.0,,,,,
T051,4537.0,,,,,
T051,4538.0,,,,,
T051,4539.0,,,,,
T051,4540.0,,,,,
T051,4541.0,,,,,
T051,4542.0,,,,,
T051,4543.0,,,,,
T051,4544.0,,,,,
T051,4545.0,,,,,
T051,4546.0,,,,,
T051,4547.0,,,,,
T051,4548.0,,,,,
T051,4549.0,,,,,
T051,4550.0,,,,,
T051,4551.0,5.974947398289749e-14,0.002834926415031863,7.009663008719846e-21,0.6685808969929667,0.3285841765919417
T051,4552.0,,,,,
T051,4553.0,,,,,
T051,4554.0,,,,,
T051,4555.0,0.012014964784757992,0.907939021505182,0.06344603130273077,0.009022156723854152,0.0075778256834750845
T051,4556.0,0.07218893482640011,0.03338114519406896,0.8880254157479099,0.006097541045589778,0.00030696318603131134
T051,4557.0,4.800216677104749e-07,0.7307539422647916,1.2823111520108447e-08,0.1004813318097933,0.16876423308063582
T051,4558.0,0.0005304735668233907,0.5466254400402036,6.002523277123922e-05,0.13735852653581793,0.3154255346243837
T051,4559.0,0.0038207406953319673,0.6463235915162596,0.3355984837995546,0.003301426560413389,0.010955757428440271
T051,4560.0,,,,,
T051,4561.0,1.0422352545580723e-10,0.03146245826150116,4.234722176142295e-11,0.9504468817826558,0.01809065980927228
T051,4562.0,,,,,
T051,4563.0,,,,,
T051,4564.0,,,,,
T051,4565.0,0.00016978328146016804,0.6206402839230264,0.03669875463795367,0.2491756210924368,0.09331555706512312
T051,4566.0,,,,,
T051,4567.0,,,,,
T051,4568.0,,,,,
T051,4569.0,,,,,
T051,4570.0,,,,,
T051,4571.0,,,,,
T051,4572.0,,,,,
T051,4573.0,,,,,
T051,4574.0,,,,,
T051,4575.0,,,,,
T051,4576.0,,,,,
T051,4577.0,,,,,
T051,4578.0,,,,,
T051,4579.0,,,,,
T051,4580.0,,,,,
T051,4581.0,,,,,
T051,4582.0,,,,,
T051,4583.0,,,,,
T051,4584.0,,,,,
T051,4585.0,,,,,
T051,4586.0,,,,,
T051,4587.0,,,,,
T051,4588.0,,,,,
T051,4589.0,,,,,
T051,4590.0,,,,,
T051,4591.0,,,,,
T051,4592.0,,,,,
T051,4593.0,,,,,
T051,4594.0,,,,,
T051,4595.0,,,,,
T051,4596.0,,,,,
T051,4597.0,,,,,
T051,4598.0,,,,,
T051,4599.0,1.3152562424303128e-25,3.404830590356445e-11,9.21093098907737e-22,0.9999999637714208,3.619453089516232e-08
T051,4600.0,,,,,
T051,4601.0,,,,,
T051,4602.0,,,,,
T051,4603.0,,,,,
T051,4604.0,,,,,
T051,4605.0,,,,,
T051,4606.0,1.1098861250657827e-20,3.431139382507765e-07,4.5336211497363343e-32,0.7738670672792723,0.2261325896067895
T051,4607.0,,,,,
T051,4608.0,0.018374079656425558,0.11330679643952933,0.8600753861588667,0.007305951476678009,0.0009377862685004088
T051,4609.0,,,,,
T051,4610.0,,,,,
T051,4611.0,,,,,
T051,4612.0,,,,,
T051,4613.0,,,,,
T051,4614.0,,,,,
T051,4615.0,,,,,
T051,4616.0,5.989379536511431e-20,1.2554376801766828e-06,4.299042270662524e-26,0.9958082149984484,0.004190529563871725
T051,4617.0,2.954896645998168e-12,0.005717229377028658,2.441974412042614e-18,0.4400932203577954,0.5541895502622209
T051,4618.0,,,,,
T051,4619.0,,,,,
T051,4620.0,0.04491143373484501,0.07212210310201357,0.8640431362834808,0.018208310621813432,0.0007150162578473075
T051,4621.0,0.040696371006625896,0.12649993145869134,0.8254111342451724,0.006174110634085493,0.0012184526554248126
T051,4622.0,5.573268966718483e-12,0.004721408482621536,1.411467623599188e-17,0.3948814800557496,0.6003971114560557
T051,4623.0,0.001789339189030364,0.965111921486444,0.01790122628554298,0.0008227484227333972,0.014374764616249322
T051,4624.0,0.04115256542818434,0.0006971690726271426,0.8846626957015439,0.07348278056852138,4.789229123024928e-06
T051,4625.0,,,,,
T051,4626.0,,,,,
T051,4627.0,1.515737099241609e-20,3.8891922723375696e-08,6.736062472681401e-31,0.9928152958759444,0.007184665232132706
T051,4628.0,0.00010088249648802829,0.953217431183062,3.1532528891037915e-05,0.003294750549937033,0.043355403241621834
T051,4629.0,3.292091113200658e-10,0.015694956438509083,4.5398876416388366e-15,0.22384337007108748,0.7604616731611897
T051,4630.0,6.379293967843142e-08,0.05997350833569949,1.502631018371854e-09,0.29250221263826337,0.6475242137304664
T051,4631.0,1.4403394212729895e-41,1.0764743095730866e-16,1.3422596204060244e-47,0.9999999996672608,3.3273891664119645e-10
T051,4632.0,3.631322056010468e-08,0.12360132877732898,1.3620520972844589e-10,0.2541501899724277,0.6222484448008175
T051,4633.0,0.20649308158847687,0.096571478892938,0.6855434845830434,0.010423158781413278,0.0009687961541283797
T051,4634.0,0.004323327971979237,0.06360767644664424,0.002744096184480586,0.9260591530096244,0.00326574638727148
T051,4635.0,,,,,
T051,4636.0,,,,,
T051,4637.0,,,,,
T051,4638.0,,,,,
T051,4639.0,,,,,
T051,4640.0,,,,,
T051,4641.0,,,,,
T051,4642.0,,,,,
T051,4643.0,,,,,
T051,4644.0,,,,,
T051,4645.0,,,,,
T051,4646.0,,,,,
T051,4647.0,5.745744772817342e-08,0.2630184740300894,3.3618648069136207e-12,0.06924170699245999,0.667739761516641
T051,4648.0,,,,,
T051,4649.0,0.03975469846340855,0.5826538750760537,0.3340701126669683,0.03485046898626217,0.008670844807307255
T051,4650.0,1.2513021104633595e-05,0.03337638964983314,0.0007610649828942977,0.9444781151513484,0.021371917194819918
T051,4651.0,0.0002696198411329171,0.9557243130228802,0.0021251560122171973,0.01865319150562893,0.023227719618140776
T051,4652.0,8.383221329552555e-06,0.4527320613820618,0.0007746522903203864,0.5119688392078552,0.03451606389843302
T051,4653.0,0.00015410462313730663,0.9703770817902041,2.713936136888521e-05,0.0011919660071215794,0.0282497082181682
T051,4654.0,,,,,
T051,4655.0,0.0008278611662391888,0.9263983451216096,8.04010442282168e-06,0.0003353126074211238,0.07243044100030728
T051,4656.0,0.0017374917159688073,0.44218694122788704,8.44066629110205e-05,0.3368208607576743,0.21917029963555887
T051,4657.0,,,,,
T051,4658.0,0.015284252199275034,8.128373407807942e-05,0.07902604140349502,0.0005291987873407262,0.9050792238758112
T051,4659.0,0.0038821840335116257,0.8200956377253112,0.16641500049791313,0.0018654981698845922,0.007741679573379451
T051,4660.0,0.012172503120646874,0.9280196063721295,0.024669736597959933,0.004760250436625827,0.030377903472637705
T051,4661.0,0.0002413751215769937,0.021164957024710503,0.002015948443281016,0.9732706350795886,0.003307084330843185
T051,4662.0,0.015312432130472496,0.8803777999099061,0.0918859939034874,0.0034829315915178784,0.008940842464616086
T051,4663.0,0.00010375911203565538,0.9162553748586432,0.017744400610895987,0.026819632309798887,0.039076833108626106
T051,4664.0,0.00029680004441449883,0.9362175827745012,0.036480179778413516,0.008073050780604569,0.01893238662206617
T051,4665.0,0.0015819941093479892,0.9162480375680055,0.07313191813412259,0.0008840772907034095,0.008153972897820308
T051,4666.0,0.0039340684445365644,0.7075711086927946,0.20834105734134825,0.01929622062140628,0.060857544899914434
T051,4667.0,1.9654913514753033e-15,2.7779180881837096e-05,2.3165142460218763e-27,0.012965173578816705,0.9870070472402996
T051,4668.0,0.0005067485190115913,0.5986777779917066,0.0002744124188777733,0.01224279125759711,0.3882982698128069
T051,4669.0,0.4336334605225519,0.058911697081752236,0.03284710779581553,0.002513716406148689,0.4720940181937317
T051,4670.0,0.00010414721668103575,0.6381380630164845,0.0064734122027424856,0.2766144424998208,0.0786699350642713
T051,4671.0,1.7753576609945714e-06,0.010718596248316371,7.4793656751324844e-06,0.5974633310646036,0.391808817963744
T051,4672.0,8.253710616001205e-06,0.012028456232784,8.579201906002883e-06,0.4519272169956859,0.5360274938590082
T051,4673.0,0.14552914444733558,0.0014673987163923178,0.000418539638138296,0.08847090567023927,0.7641140115278945
T051,4674.0,0.000249874936836863,0.15202948909033995,0.0001794786013929317,0.8238640626161965,0.023677094755233663
T051,4675.0,0.012340977531289977,0.8471868560942631,0.10166713823098472,0.012909394349781306,0.025895633793680845
T051,4676.0,0.2434122822191745,1.3750893203582532e-05,0.005915756667515496,0.1942722036227831,0.5563860065973233
T051,4677.0,4.477931777591326e-09,0.003303314760685598,4.317932814571876e-09,0.9791538993109744,0.017542777132475384
T051,4678.0,2.3276517591223247e-11,4.708919655922793e-05,4.099163856823799e-11,0.9998015077780708,0.0001514029611017359
T051,4679.0,3.2600792400207145e-07,0.0020174651941204545,7.242244457017822e-13,0.011870592404692765,0.9861116163925386
T051,4680.0,1.5554888590180847e-08,9.562981859448216e-05,1.4269018872003142e-10,0.5970380897491759,0.4028662647346509
T051,4681.0,1.1579839326204558e-07,0.27582542665017473,2.7090408908590806e-08,0.5371021093045872,0.187072321156436
T051,4682.0,0.14274772977761113,0.009108753517111226,1.871194624846753e-07,0.0003405808429321821,0.8478027487428829
T051,4683.0,0.14092257506406675,5.931712342242409e-08,5.332436646489542e-06,0.8589103448280206,0.00016168835414275283
T051,4684.0,1.6236867556182705e-15,3.900921891044568e-06,9.972950047128627e-19,0.9996958696695728,0.0003002294085344375
T051,4685.0,,,,,
T051,4686.0,0.03269117553550279,0.25207797189924663,0.7067634367127036,0.0060193993048085065,0.002448016547738381
T051,4687.0,0.037362184925184685,1.2025884955287542e-07,0.002520763642723453,0.8510036524348071,0.10911327873843506
T051,4688.0,4.3858909465659415e-06,0.10082168249121856,1.2445094874201267e-05,0.8351336231514587,0.06402786337150211
T051,4689.0,0.008951157572724909,0.00020342516705440977,6.804070342120577e-07,1.8505045183915952e-05,0.9908262318080024
T051,4690.0,0.009762238065380627,0.010022442248992493,0.09240167260413286,0.05669287307060094,0.8311207740108929
T051,4691.0,0.003506721143570968,0.967611453723456,0.013431212987930626,0.001146273903363963,0.014304338241678441
T051,4692.0,0.00014291805359292108,0.16135885650070844,0.00764094605744054,0.7837866845368395,0.047070594851418526
T051,4693.0,0.0035757592303070898,0.8435459665406004,0.03521973329107147,0.02751214659484895,0.090146394343172
T051,4694.0,0.0005417403243075477,0.17182453502136485,0.0010132285621708603,0.7551064476359074,0.07151404845624941
T051,4695.0,0.004732967437016539,0.08899478260514845,0.004897563578481114,0.3606877387341291,0.5406869476452248
T051,4696.0,1.16758692673529e-05,0.008227464860632465,7.986934666020434e-06,0.7242415504894505,0.26751132184598364
T051,4697.0,1.4875183040753174e-13,1.7619988958802835e-05,4.91485737948938e-16,0.9998007562811384,0.00018162372975336573
T051,4698.0,0.1542977585157992,1.404885019443776e-08,0.008022677693213326,0.8359586888058899,0.001720860936247458
T051,4699.0,,,,,
T051,4700.0,0.0002580030025146229,0.8210181608589115,0.0019126275001101734,0.04895157861619075,0.1278596300222729
T051,4701.0,4.036863128083632e-10,0.00012452377468634716,9.075101042110766e-14,0.9887433995099566,0.011132076311579954
T051,4702.0,2.716952688149001e-06,0.01647043703131475,2.3706246057565272e-08,0.814815039010089,0.16871178329966202
T051,4703.0,6.496210719154759e-12,4.05247930916552e-05,1.9436832506278817e-12,0.9997454389766254,0.00021403622184302336
T051,4704.0,5.408342823833219e-11,6.480869420909057e-05,1.6523384711005496e-18,0.8916598721666292,0.10827531908507808
T051,4705.0,2.2249494368497085e-15,3.973624969007922e-07,3.2228101228528037e-17,0.9999936502268952,5.952410605572328e-06
T051,4706.0,0.026929951255015933,0.2609095638223793,0.01962779161044332,0.6063271233057748,0.08620557000638683
T051,4707.0,4.351884737385289e-10,0.0005806386053111409,1.2099372922627734e-10,0.9985835878550899,0.00083577298341673
T051,4708.0,4.180485367400628e-06,0.001713945125909815,1.3528293474451185e-08,0.9344699722796928,0.06381188858073616
T051,4709.0,0.002488003676394023,0.00025597667981813494,0.00013343631962488818,0.007466720701213551,0.9896558626229494
T051,4710.0,0.002254068169440175,0.0001955046800563044,7.696194436928057e-05,0.8511848860978719,0.14628857910826246
T051,4711.0,0.0014184008925879005,2.0399998025055668e-08,3.365162531657262e-08,0.005332537266666138,0.9932490077891226
T051,4712.0,,,,,
T051,4713.0,,,,,
T051,4714.0,5.698579290898352e-27,1.164325186260713e-13,2.1673949950198428e-30,0.9999999999315408,6.834284761587942e-11
T051,4715.0,3.7417415334066135e-08,0.001608393611468517,2.0190201807032058e-15,0.00251002779923194,0.9958815411718824
T051,4716.0,0.0007349048518703356,0.0521887615598804,2.781044668737409e-07,0.024009543405746084,0.9230665120780362
T051,4717.0,1.8017539497562937e-08,0.0016387042505802347,6.600254247396794e-19,2.1259550386356368e-05,0.998340018181494
T051,4718.0,,,,,
T051,4719.0,2.9975114693307075e-18,3.0114451267767014e-06,7.565095419427937e-25,0.9528830324156774,0.0471139561391958
T051,4720.0,1.7474480752362814e-13,0.0007507313736752781,1.035374920530609e-17,0.9031640205672904,0.09608524805885972
T051,4721.0,0.038167525657148274,0.07913638514389576,0.8749088245873509,0.00711558458593188,0.0006716800256731874
T051,4722.0,0.030405667584942526,0.2208306109144777,0.7407168907859082,0.005723075235843693,0.002323755478828078
T051,4723.0,0.0005402975826699856,0.4682649395136801,0.1125489053306258,0.28409876047579924,0.13454709709722484
T051,4724.0,4.447621265848173e-05,0.9183579951780164,1.077413049349888e-05,0.008065403091508059,0.07352135138732342
T051,4725.0,2.3829636229601343e-20,2.665242265414552e-07,7.572679402684372e-24,0.9991201957945584,0.0008795376812150081
T051,4726.0,0.0003466326167754273,0.8307909095932287,1.043224890937952e-06,0.0007168389950171515,0.1681445755700879
T051,4727.0,0.0008675107283631367,0.9100162198029222,0.08008126426694909,0.001539309031801612,0.007495696169963931
T051,4728.0,0.09193995046503464,0.1594626230442199,0.7384372613038241,0.00851668523680754,0.0016434799501136785
T051,4729.0,5.1926903373514285e-12,0.0036327563935330603,1.5262521330913653e-15,0.8965585467592532,0.09980869684201958
T051,4730.0,1.4856227902333286e-10,0.003876262096030817,6.501834736341981e-13,0.7816025449552261,0.21452119279953047
T051,4731.0,0.03076619168523049,0.05982023543347621,3.233999819703754e-05,0.8799558561668256,0.029425376716270563
T051,4732.0,0.00010327784886369436,0.9596877388082884,0.00029780536143611406,0.006072946935018427,0.033838231046393503
T051,4733.0,0.3219273926178944,0.0019485067733494915,0.6730646782762973,0.002734542754005091,0.00032487957845376165
T051,4734.0,0.010154928446933652,0.9149638622677804,2.5676053177561146e-05,4.2389674264095895e-05,0.07481314355784441
T051,4735.0,1.0949058383489757e-07,0.012903976146561144,1.7904015772118736e-07,0.9808175869180282,0.006278148404668942
T051,4736.0,1.2056910608359184e-05,0.7932924629691332,0.0012138715363173072,0.16264568829876255,0.04283592028517857
T051,4737.0,0.002149463428260493,0.5186627980418377,0.4415615617334235,0.015471441845409528,0.022154734951068747
T051,4738.0,0.0020037199753150776,0.8616749305477345,0.1273218833494152,0.0015737805111876195,0.007425685616347616
T051,4739.0,0.0501925620586848,0.11389793027432768,0.8288037217784995,0.006071430717855158,0.0010343551706330928
T051,4740.0,0.0019663696538876,0.982034785452386,0.0030855167696601854,0.0003127453177258207,0.012600582806340323
T051,4741.0,0.02029988243167696,0.9279082755876418,0.035032829255371566,0.003761486474710008,0.012997526250599814
T051,4742.0,1.7581383406766794e-05,0.9447557685296878,2.0069954884140373e-05,0.014466391044888024,0.04074018908713321
T051,4743.0,0.22346127252934808,0.6287139910771992,0.06055093527110406,0.010250532613794076,0.0770232685085545
T051,4744.0,0.4026811069569269,0.4100262383500317,0.15558301088260668,0.025430843221651664,0.0062788005887831145
T051,4745.0,0.11945966376776275,0.006579780319217406,0.007021859859002855,0.8153767288912636,0.0515619671627533
T051,4746.0,0.3928055551380348,0.0003389347504974716,0.4721253812300271,0.0168470931718971,0.1178830357095436
T051,4747.0,0.6560841632692221,0.0007004699774907601,0.3336324983386945,0.009238852506027288,0.00034401590856539504
T051,4748.0,0.0003753481944258877,0.13899276969556665,0.0023326680619414307,0.045184299080109736,0.8131149149679564
T051,4749.0,1.511490492929046e-08,0.018354045660641544,5.730488557286854e-12,0.9202118952335866,0.06143404398513649
T051,4750.0,0.0006951863448135048,0.8675024382782591,0.12361525918201773,0.0018504600160356075,0.006336656178874062
T051,4751.0,0.0009437022908440424,0.20264295231285245,3.454793949678185e-07,0.5377116808076757,0.25870131910923283
T051,4752.0,1.0076853434834547e-07,5.221179843777431e-06,2.3932230439522502e-12,0.9999508270242096,4.3851025019087345e-05
T051,4753.0,0.023436883738986024,0.2487907529824717,0.6816677872543998,0.004669151508855259,0.04143542451528727
T051,4754.0,0.00016921280854048,0.7363109111160617,6.378711206928503e-07,0.002282031211966532,0.26123720699231057
T051,4755.0,0.0009916726722783405,4.535331983240461e-05,1.7472969552422055e-07,0.00010375965087571855,0.998859039627318
T051,4756.0,9.526524830199086e-08,0.00010669207900788341,1.4389088002695382e-16,0.0004668334372048289,0.9994263792185388
T051,4757.0,,,,,
T051,4758.0,0.12189812932865765,0.01308506215543327,0.16175132964599212,0.3512548598415202,0.3520106190283969
T051,4759.0,1.157070641821001e-05,0.0007274664832426084,1.4528995581962554e-06,0.6920143676292312,0.3072451422815497
T051,4760.0,0.8419258097212162,2.850640270267791e-05,0.042374621523108745,0.0014586606991995716,0.11421240165377287
T051,4761.0,3.3837659675085446e-08,0.00044875822358916135,2.8537515891446264e-09,0.9745519553893264,0.0249992496956734
T051,4762.0,5.897709158385248e-06,0.1953567677146344,6.4258653528840695e-09,0.015758963497391094,0.7888783646529507
T051,4763.0,0.032552091759841376,0.00010396783566881506,1.0338958987665787e-05,0.0002749439974026976,0.9670586574480992
T051,4764.0,0.013325201935336107,0.00206153824103391,8.964234165804082e-08,3.740768544820902e-05,0.9845757624958399
T051,4765.0,0.1754400621741972,0.02360256267617367,0.000901139529992182,0.6515668279688149,0.14848940765082216
T051,4766.0,,,,,
T051,4767.0,1.3867191300333284e-19,7.159023686876221e-06,2.278769863830208e-27,0.9870758386313362,0.012917002344976823
T051,4768.0,1.114594960678448e-05,0.2792362586071249,4.832902919834096e-11,0.0007213051867578277,0.7200312902081815
T051,4769.0,0.8694001437030249,0.010071904924140377,0.1122522017031468,0.00816072910807384,0.00011502056161429585
T051,4770.0,0.0037456226785502734,0.9552821128776866,0.009509979923341674,0.0076250700214949875,0.023837214498926455
T051,4771.0,3.438035464549124e-08,0.03644953904609593,7.62768084552403e-07,0.9009098119874444,0.06263985181802045
T051,4772.0,,,,,
T051,4773.0,0.054357846521261716,0.17791291115562832,0.6862534208103198,0.07900080903505327,0.0024750124777369355
T051,4774.0,7.573976696811556e-13,0.00407771548433914,3.303876018408741e-16,0.9394290122269758,0.056493272287927415
T051,4775.0,0.00795797643349763,0.6226996806362511,0.0032232278516201892,0.3488976235516939,0.017221491526937152
T051,4776.0,0.002602295800027375,0.5390200884950916,0.004482601124257554,0.43713323240361857,0.016761782177004858
T051,4777.0,2.1671361598035983e-06,0.27943959721084044,3.3053555293906466e-09,0.03124912546006817,0.6893091068875759
T051,4778.0,2.5190399887620207e-05,0.22277907498411906,0.00026684746058378017,0.7537961654356008,0.0231327217198088
T051,4779.0,8.525094629622262e-10,0.034250060629956364,1.6842566714995847e-14,0.22800636334112656,0.7377435751763907
